source,key,vessel_density,mean_diameter_px,median_diameter_px,total_length_px,tortuosity,fractal_dimension
金标准,test_100_D_r0c0,0.1395,7.86,7.19,3332,5.641,1.481
金标准,test_100_D_r0c1,0.0419,5.57,4.39,1417,1.409,1.304
金标准,test_100_D_r1c0,0.0995,8.14,8.39,2287,4.034,1.458
金标准,test_100_D_r1c1,0.0877,6.77,6.00,2492,4.440,1.380
金标准,test_101_G_r0c0,0.0459,5.28,4.39,1680,2.431,1.300
金标准,test_101_G_r0c1,0.0555,6.17,5.60,1632,1.852,1.351
金标准,test_101_G_r1c0,0.0346,4.97,4.39,1321,1.925,1.264
金标准,test_101_G_r1c1,0.0488,5.69,4.39,1692,2.930,1.356
金标准,test_102_G_r0c0,0.0601,5.85,4.39,2160,4.506,1.387
金标准,test_102_G_r0c1,0.0768,5.45,4.39,2647,3.942,1.419
金标准,test_102_G_r1c0,0.0432,5.58,4.00,1557,2.372,1.301
金标准,test_102_G_r1c1,0.0789,6.05,5.60,2394,4.050,1.373
金标准,test_103_G_r0c0,0.1330,10.35,10.39,2444,3.823,1.515
金标准,test_103_G_r0c1,0.0695,8.00,6.39,1613,3.050,1.419
金标准,test_103_G_r1c0,0.1366,10.54,10.00,2557,3.804,1.506
金标准,test_103_G_r1c1,0.0805,8.31,8.40,1854,2.529,1.390
金标准,test_104_G_r0c0,0.1031,5.88,5.60,3387,4.196,1.406
金标准,test_104_G_r0c1,0.0850,5.57,4.39,2882,4.325,1.340
金标准,test_104_G_r1c0,0.0867,5.64,4.39,2960,4.025,1.374
金标准,test_104_G_r1c1,0.0684,5.02,4.39,2659,3.634,1.319
金标准,test_105_G_r0c0,0.1533,7.96,7.19,3866,5.842,1.494
金标准,test_105_G_r0c1,0.0684,6.06,5.60,2121,2.244,1.367
金标准,test_105_G_r1c0,0.1349,7.74,8.00,3375,5.548,1.464
金标准,test_105_G_r1c1,0.0717,5.50,5.60,2496,3.804,1.325
金标准,test_106_G_r0c0,0.1383,9.53,10.00,2860,4.317,1.522
金标准,test_106_G_r0c1,0.0864,6.12,5.60,2563,3.758,1.366
金标准,test_106_G_r1c0,0.1425,8.47,8.79,3281,5.225,1.466
金标准,test_106_G_r1c1,0.0907,6.15,5.60,2783,5.064,1.381
金标准,test_107_G_r0c0,0.1516,7.62,7.19,3905,6.192,1.485
金标准,test_107_G_r0c1,0.0890,5.33,4.39,3134,3.273,1.350
金标准,test_107_G_r1c0,0.1318,6.72,5.60,3779,5.177,1.438
金标准,test_107_G_r1c1,0.1166,5.82,4.39,3794,5.157,1.405
金标准,test_108_G_r0c0,0.0326,9.24,9.99,661,1.898,1.412
金标准,test_108_G_r0c1,0.0492,6.69,6.00,1347,2.776,1.349
金标准,test_108_G_r1c0,0.0083,4.19,4.00,382,2.381,1.166
金标准,test_108_G_r1c1,0.0504,7.85,7.19,1266,3.145,1.389
金标准,test_109_G_r0c0,0.0859,5.70,4.39,2784,4.067,1.362
金标准,test_109_G_r0c1,0.1470,7.24,7.19,3834,5.937,1.459
金标准,test_109_G_r1c0,0.0757,5.78,5.60,2587,3.879,1.339
金标准,test_109_G_r1c1,0.1285,6.73,6.00,3544,5.572,1.432
金标准,test_10_A_r0c0,0.0634,6.95,6.00,1751,3.590,1.410
金标准,test_10_A_r0c1,0.1353,8.26,8.39,3012,5.075,1.475
金标准,test_10_A_r1c0,0.0765,7.23,6.39,2092,3.984,1.418
金标准,test_10_A_r1c1,0.0902,9.11,9.99,1828,3.531,1.438
金标准,test_110_G_r0c0,0.1110,7.51,7.19,2740,2.487,1.453
金标准,test_110_G_r0c1,0.0746,5.05,4.00,2829,3.829,1.290
金标准,test_110_G_r1c0,0.1170,7.00,6.00,3142,3.409,1.426
金标准,test_110_G_r1c1,0.0874,5.71,5.60,2930,2.577,1.359
金标准,test_111_G_r0c0,0.1251,7.63,7.19,3107,5.230,1.465
金标准,test_111_G_r0c1,0.0574,5.29,4.39,2055,2.086,1.347
金标准,test_111_G_r1c0,0.1060,8.06,8.00,2562,4.810,1.467
金标准,test_111_G_r1c1,0.0483,6.08,5.60,1490,1.886,1.299
金标准,test_112_G_r0c0,0.0797,6.00,6.00,2613,3.556,1.401
金标准,test_112_G_r0c1,0.0985,8.44,8.39,2113,3.710,1.435
金标准,test_112_G_r1c0,0.0651,5.74,5.60,2264,2.309,1.315
金标准,test_112_G_r1c1,0.1407,7.90,8.00,3331,4.083,1.457
金标准,test_113_G_r0c0,0.0197,6.46,6.00,554,1.228,1.294
金标准,test_113_G_r0c1,0.0580,8.43,8.00,1328,2.944,1.423
金标准,test_113_G_r1c0,0.0000,0.00,0.00,0,0.000,nan
金标准,test_113_G_r1c1,0.0339,6.13,6.00,935,1.890,1.328
金标准,test_114_G_r0c0,0.0286,10.51,10.00,502,1.408,1.378
金标准,test_114_G_r0c1,0.0336,10.95,10.00,531,1.556,1.428
金标准,test_114_G_r1c0,0.0067,5.79,5.60,178,1.049,1.273
金标准,test_114_G_r1c1,0.0504,7.77,7.19,1154,1.999,1.336
金标准,test_115_G_r0c0,0.0625,4.36,4.00,2816,3.539,1.291
金标准,test_115_G_r0c1,0.1281,7.12,6.39,3419,4.425,1.451
金标准,test_115_G_r1c0,0.0956,5.74,5.60,3401,5.062,1.390
金标准,test_115_G_r1c1,0.1102,7.24,6.00,2895,3.228,1.415
金标准,test_116_G_r0c0,0.1275,7.36,6.39,3416,5.929,1.480
金标准,test_116_G_r0c1,0.0501,6.37,5.60,1444,3.004,1.322
金标准,test_116_G_r1c0,0.0817,6.07,5.60,2589,3.984,1.385
金标准,test_116_G_r1c1,0.0513,5.91,6.00,1621,3.099,1.310
金标准,test_117_G_r0c0,0.0688,5.30,4.39,2569,4.023,1.331
金标准,test_117_G_r0c1,0.1173,6.96,6.00,3124,3.322,1.420
金标准,test_117_G_r1c0,0.0691,5.49,4.39,2466,4.971,1.349
金标准,test_117_G_r1c1,0.1060,7.20,6.00,2750,2.866,1.420
金标准,test_118_G_r0c0,0.1480,6.73,6.00,4287,6.257,1.485
金标准,test_118_G_r0c1,0.0943,5.30,4.00,3476,5.266,1.342
金标准,test_118_G_r1c0,0.1431,7.16,7.19,3883,5.129,1.448
金标准,test_118_G_r1c1,0.0952,5.18,4.39,3635,5.481,1.347
金标准,test_119_G_r0c0,0.0274,7.34,8.00,716,1.487,1.408
金标准,test_119_G_r0c1,0.0250,6.82,7.19,700,2.257,1.324
金标准,test_119_G_r1c0,0.0505,8.43,8.00,1213,2.803,1.477
金标准,test_119_G_r1c1,0.0036,4.59,5.60,147,0.985,1.211
金标准,test_11_A_r0c0,0.1106,6.84,7.19,3116,3.114,1.426
金标准,test_11_A_r0c1,0.1082,8.62,8.39,2297,2.499,1.469
金标准,test_11_A_r1c0,0.0628,6.21,6.00,1981,2.552,1.346
金标准,test_11_A_r1c1,0.1347,8.32,8.00,3073,4.053,1.497
金标准,test_120_G_r0c0,0.0632,5.82,4.39,2020,3.043,1.329
金标准,test_120_G_r0c1,0.1412,8.36,8.39,3118,4.913,1.457
金标准,test_120_G_r1c0,0.0887,6.91,6.00,2465,4.207,1.410
金标准,test_120_G_r1c1,0.1207,6.92,6.00,3232,5.161,1.426
金标准,test_121_G_r0c0,0.0128,7.71,8.40,324,2.374,1.377
金标准,test_121_G_r0c1,0.0721,8.82,8.39,1567,2.531,1.478
金标准,test_121_G_r1c0,0.0368,6.40,6.39,1065,1.287,1.320
金标准,test_121_G_r1c1,0.0449,6.62,6.39,1215,1.590,1.350
金标准,test_122_G_r0c0,0.0246,5.08,5.60,843,2.088,1.266
金标准,test_122_G_r0c1,0.0000,0.00,0.00,0,0.000,nan
金标准,test_122_G_r1c0,0.0139,4.96,4.39,549,0.986,1.172
金标准,test_122_G_r1c1,0.0000,0.00,0.00,0,0.000,nan
金标准,test_123_G_r0c0,0.0248,5.96,5.60,728,1.209,1.342
金标准,test_123_G_r0c1,0.0503,9.67,8.39,916,2.054,1.478
金标准,test_123_G_r1c0,0.0000,0.00,0.00,0,0.000,nan
金标准,test_123_G_r1c1,0.0154,9.07,8.00,301,1.012,1.365
金标准,test_124_G_r0c0,0.1143,8.25,7.19,2728,4.698,1.462
金标准,test_124_G_r0c1,0.0829,7.61,8.00,1978,2.771,1.423
金标准,test_124_G_r1c0,0.0684,8.85,8.39,1445,1.457,1.400
金标准,test_124_G_r1c1,0.0576,7.35,7.19,1485,2.664,1.396
金标准,test_125_G_r0c0,0.1598,9.07,8.40,3419,5.289,1.495
金标准,test_125_G_r0c1,0.0845,5.97,4.39,2652,3.782,1.350
金标准,test_125_G_r1c0,0.1187,8.30,7.19,2747,2.308,1.444
金标准,test_125_G_r1c1,0.0734,6.46,5.60,2301,4.493,1.360
金标准,test_126_G_r0c0,0.0692,5.18,4.39,2580,4.277,1.317
金标准,test_126_G_r0c1,0.0902,6.08,5.60,2830,3.246,1.389
金标准,test_126_G_r1c0,0.0613,5.63,4.39,2217,3.601,1.309
金标准,test_126_G_r1c1,0.0799,6.53,6.00,2255,2.797,1.397
金标准,test_127_G_r0c0,0.0942,6.20,4.39,2863,2.754,1.398
金标准,test_127_G_r0c1,0.0480,5.86,5.60,1553,2.760,1.305
金标准,test_127_G_r1c0,0.0664,6.52,6.00,1877,2.863,1.390
金标准,test_127_G_r1c1,0.0612,5.53,6.00,2138,2.690,1.312
金标准,test_128_G_r0c0,0.1133,7.65,8.00,2865,3.675,1.426
金标准,test_128_G_r0c1,0.0718,6.78,6.00,2056,2.689,1.359
金标准,test_128_G_r1c0,0.0904,6.90,6.39,2546,3.840,1.420
金标准,test_128_G_r1c1,0.0912,6.48,6.00,2821,4.477,1.380
金标准,test_129_G_r0c0,0.0476,5.50,4.39,1667,2.533,1.319
金标准,test_129_G_r0c1,0.0813,6.63,6.00,2196,4.395,1.441
金标准,test_129_G_r1c0,0.0379,4.53,4.00,1703,3.352,1.285
金标准,test_129_G_r1c1,0.1081,7.23,6.39,3005,5.165,1.469
金标准,test_12_A_r0c0,0.0867,5.66,4.39,2970,4.946,1.368
金标准,test_12_A_r0c1,0.1329,8.16,8.00,3014,3.609,1.463
金标准,test_12_A_r1c0,0.0831,6.73,6.00,2378,3.363,1.354
金标准,test_12_A_r1c1,0.1228,8.36,8.00,2806,4.414,1.433
金标准,test_130_G_r0c0,0.1340,7.42,6.39,3518,4.927,1.473
金标准,test_130_G_r0c1,0.0696,5.62,4.39,2330,4.606,1.347
金标准,test_130_G_r1c0,0.1101,6.68,6.00,3196,4.501,1.435
金标准,test_130_G_r1c1,0.1061,6.42,6.00,3289,4.452,1.382
金标准,test_131_G_r0c0,0.1468,7.07,7.19,3957,6.283,1.485
金标准,test_131_G_r0c1,0.0880,5.77,5.60,2897,4.595,1.354
金标准,test_131_G_r1c0,0.1174,6.96,6.39,3211,3.855,1.428
金标准,test_131_G_r1c1,0.0842,5.53,4.39,3080,4.550,1.347
金标准,test_132_G_r0c0,0.0776,6.69,6.39,2105,5.283,1.373
金标准,test_132_G_r0c1,0.0888,5.44,4.39,3110,5.545,1.344
金标准,test_132_G_r1c0,0.0991,6.00,4.39,3348,3.187,1.368
金标准,test_132_G_r1c1,0.0574,4.90,4.00,2325,2.811,1.296
金标准,test_133_G_r0c0,0.0400,8.29,8.40,871,1.642,1.446
金标准,test_133_G_r0c1,0.0420,8.92,8.00,952,2.192,1.508
金标准,test_133_G_r1c0,0.0394,5.55,5.60,988,1.976,1.325
金标准,test_133_G_r1c1,0.0299,7.31,6.00,843,2.015,1.456
金标准,test_134_G_r0c0,0.0710,5.92,6.00,2218,3.595,1.371
金标准,test_134_G_r0c1,0.1522,7.70,6.39,3922,5.940,1.482
金标准,test_134_G_r1c0,0.1106,6.20,5.60,3572,4.810,1.408
金标准,test_134_G_r1c1,0.0896,6.59,6.00,2551,2.402,1.412
金标准,test_135_G_r0c0,0.0329,6.83,6.00,871,1.831,1.340
金标准,test_135_G_r0c1,0.0977,7.80,7.19,2358,3.240,1.426
金标准,test_135_G_r1c0,0.0446,5.67,4.39,1499,1.947,1.276
金标准,test_135_G_r1c1,0.0626,8.07,8.39,1402,1.892,1.395
金标准,test_136_G_r0c0,0.0423,6.71,6.39,1162,2.152,1.338
金标准,test_136_G_r0c1,0.0213,5.15,5.60,773,1.196,1.249
金标准,test_136_G_r1c0,0.0539,7.43,7.19,1447,2.234,1.408
金标准,test_136_G_r1c1,0.0000,0.00,0.00,0,0.000,nan
金标准,test_137_G_r0c0,0.0299,6.53,6.00,870,1.801,1.355
金标准,test_137_G_r0c1,0.0279,6.37,4.39,812,1.958,1.292
金标准,test_137_G_r1c0,0.0068,4.56,4.00,280,0.902,1.273
金标准,test_137_G_r1c1,0.0646,6.38,6.00,1981,3.111,1.361
金标准,test_138_G_r0c0,0.0274,6.60,6.39,789,1.539,1.292
金标准,test_138_G_r0c1,0.0455,9.68,10.00,851,1.412,1.424
金标准,test_138_G_r1c0,0.0106,3.94,4.00,608,1.381,1.227
金标准,test_138_G_r1c1,0.0276,6.38,5.60,829,1.224,1.311
金标准,test_139_G_r0c0,0.0919,5.87,5.60,3017,2.787,1.369
金标准,test_139_G_r0c1,0.1595,7.95,8.00,3798,5.061,1.499
金标准,test_139_G_r1c0,0.1005,5.66,4.39,3554,6.178,1.373
金标准,test_139_G_r1c1,0.1457,7.64,6.39,3660,5.267,1.438
金标准,test_13_A_r0c0,0.1403,9.39,9.99,2833,4.645,1.505
金标准,test_13_A_r0c1,0.0908,6.33,5.60,2732,3.945,1.359
金标准,test_13_A_r1c0,0.1381,7.30,6.39,3678,5.285,1.462
金标准,test_13_A_r1c1,0.0736,5.82,5.60,2454,3.997,1.338
金标准,test_140_G_r0c0,0.0706,5.55,5.60,2433,3.689,1.346
金标准,test_140_G_r0c1,0.0534,4.98,4.39,1954,2.550,1.274
金标准,test_140_G_r1c0,0.0731,6.21,6.00,2340,3.941,1.378
金标准,test_140_G_r1c1,0.0542,5.03,4.39,2069,2.916,1.286
金标准,test_141_G_r0c0,0.0696,5.46,4.39,2465,4.565,1.336
金标准,test_141_G_r0c1,0.1374,6.85,6.00,3795,6.121,1.469
金标准,test_141_G_r1c0,0.0792,5.59,4.39,2787,3.983,1.350
金标准,test_141_G_r1c1,0.1175,6.14,4.39,3661,5.277,1.439
金标准,test_142_G_r0c0,0.1560,7.09,6.39,4206,5.675,1.487
金标准,test_142_G_r0c1,0.1012,5.25,4.39,3752,3.151,1.348
金标准,test_142_G_r1c0,0.1285,7.05,6.00,3612,5.021,1.461
金标准,test_142_G_r1c1,0.1007,5.46,4.39,3696,5.735,1.374
金标准,test_143_G_r0c0,0.1546,7.77,7.19,3883,5.895,1.497
金标准,test_143_G_r0c1,0.0934,5.67,5.60,3156,3.622,1.345
金标准,test_143_G_r1c0,0.1372,7.01,6.00,3750,6.350,1.451
金标准,test_143_G_r1c1,0.1114,5.64,4.39,3817,5.195,1.378
金标准,test_144_G_r0c0,0.0291,5.55,5.60,966,1.835,1.294
金标准,test_144_G_r0c1,0.0732,6.63,5.60,2091,4.021,1.389
金标准,test_144_G_r1c0,0.0144,4.57,4.39,632,2.727,1.266
金标准,test_144_G_r1c1,0.0781,5.77,4.39,2603,5.157,1.398
金标准,test_145_G_r0c0,0.0775,6.38,6.00,2212,2.963,1.404
金标准,test_145_G_r0c1,0.0206,4.93,4.39,747,1.334,1.243
金标准,test_145_G_r1c0,0.0420,6.40,6.00,1247,1.637,1.340
金标准,test_145_G_r1c1,0.0242,4.77,4.00,1014,2.610,1.313
金标准,test_146_G_r0c0,0.1545,6.97,6.00,4140,5.189,1.476
金标准,test_146_G_r0c1,0.0845,5.49,4.39,2945,4.540,1.333
金标准,test_146_G_r1c0,0.1493,6.74,5.60,4412,6.813,1.465
金标准,test_146_G_r1c1,0.0911,5.53,4.39,3363,5.673,1.365
金标准,test_147_G_r0c0,0.1192,7.30,5.60,3156,4.550,1.440
金标准,test_147_G_r0c1,0.0780,6.36,6.00,2401,3.200,1.371
金标准,test_147_G_r1c0,0.1184,7.60,6.39,2967,4.068,1.481
金标准,test_147_G_r1c1,0.0535,5.61,4.39,1822,1.865,1.326
金标准,test_148_G_r0c0,0.0644,6.02,4.39,2079,3.803,1.382
金标准,test_148_G_r0c1,0.0665,6.07,5.60,1972,2.121,1.364
金标准,test_148_G_r1c0,0.0052,4.16,4.00,227,4.937,1.158
金标准,test_148_G_r1c1,0.0458,5.95,4.39,1284,3.242,1.352
金标准,test_149_G_r0c0,0.0593,8.33,8.00,1346,2.299,1.398
金标准,test_149_G_r0c1,0.0089,7.76,8.39,209,0.964,1.315
金标准,test_149_G_r1c0,0.0599,8.48,9.99,1330,1.325,1.393
金标准,test_149_G_r1c1,0.0343,6.84,6.39,919,1.495,1.322
金标准,test_14_A_r0c0,0.1585,7.46,7.19,4107,6.459,1.483
金标准,test_14_A_r0c1,0.0777,5.52,5.60,2637,4.227,1.337
金标准,test_14_A_r1c0,0.1083,7.92,7.19,2526,3.017,1.418
金标准,test_14_A_r1c1,0.0808,5.84,5.60,2688,3.921,1.336
金标准,test_150_G_r0c0,0.0837,5.55,4.39,2911,4.536,1.359
金标准,test_150_G_r0c1,0.1299,6.86,6.00,3672,5.242,1.457
金标准,test_150_G_r1c0,0.0867,6.07,5.60,2720,3.806,1.357
金标准,test_150_G_r1c1,0.1106,6.96,7.19,3038,5.091,1.411
金标准,test_151_N_r0c0,0.1051,6.31,5.60,3328,4.982,1.415
金标准,test_151_N_r0c1,0.1321,7.95,8.00,3079,4.545,1.457
金标准,test_151_N_r1c0,0.0948,6.61,6.00,2906,4.731,1.407
金标准,test_151_N_r1c1,0.1467,7.82,8.00,3544,5.721,1.464
金标准,test_152_N_r0c0,0.1384,7.69,7.19,3521,5.339,1.476
金标准,test_152_N_r0c1,0.0790,5.99,5.60,2470,3.952,1.362
金标准,test_152_N_r1c0,0.1264,7.31,6.00,3243,3.060,1.443
金标准,test_152_N_r1c1,0.0719,5.27,4.39,2585,4.090,1.321
金标准,test_153_N_r0c0,0.0558,7.16,5.60,1561,2.689,1.355
金标准,test_153_N_r0c1,0.1021,8.41,8.00,2204,4.229,1.444
金标准,test_153_N_r1c0,0.0728,6.60,6.00,2156,2.730,1.356
金标准,test_153_N_r1c1,0.1344,7.83,7.19,3188,4.848,1.480
金标准,test_154_N_r0c0,0.1261,8.54,8.00,2810,2.941,1.502
金标准,test_154_N_r0c1,0.0574,5.89,5.60,1847,2.398,1.323
金标准,test_154_N_r1c0,0.0948,7.85,7.19,2265,1.570,1.442
金标准,test_154_N_r1c1,0.0287,4.46,4.00,1222,1.754,1.199
金标准,test_155_N_r0c0,0.1083,7.13,6.00,3035,5.254,1.450
金标准,test_155_N_r0c1,0.0391,4.15,4.00,1785,2.453,1.228
金标准,test_155_N_r1c0,0.0963,7.34,6.39,2465,4.422,1.457
金标准,test_155_N_r1c1,0.0416,5.21,4.39,1448,2.374,1.287
金标准,test_156_N_r0c0,0.0346,4.94,5.60,1369,1.896,1.288
金标准,test_156_N_r0c1,0.0997,6.83,6.39,2757,4.377,1.444
金标准,test_156_N_r1c0,0.0705,5.96,4.39,2288,3.889,1.358
金标准,test_156_N_r1c1,0.1058,7.59,8.00,2575,3.274,1.471
金标准,test_157_N_r0c0,0.1560,7.10,6.00,4464,6.788,1.494
金标准,test_157_N_r0c1,0.0853,5.58,5.60,2850,4.349,1.343
金标准,test_157_N_r1c0,0.1189,6.36,5.60,3586,4.990,1.445
金标准,test_157_N_r1c1,0.0762,4.66,4.39,3109,4.935,1.311
金标准,test_158_N_r0c0,0.0506,5.29,5.60,1851,1.615,1.297
金标准,test_158_N_r0c1,0.1525,7.34,6.39,4002,6.510,1.465
金标准,test_158_N_r1c0,0.0750,5.91,5.60,2462,3.711,1.328
金标准,test_158_N_r1c1,0.1397,6.91,6.00,3785,5.756,1.475
金标准,test_159_N_r0c0,0.0788,5.70,4.39,2672,4.134,1.348
金标准,test_159_N_r0c1,0.1569,7.37,6.00,4033,6.294,1.483
金标准,test_159_N_r1c0,0.0699,5.33,4.39,2593,2.003,1.320
金标准,test_159_N_r1c1,0.1414,7.33,8.00,3533,5.744,1.461
金标准,test_15_A_r0c0,0.1507,7.56,7.19,3792,5.771,1.478
金标准,test_15_A_r0c1,0.0740,5.42,5.60,2562,4.201,1.335
金标准,test_15_A_r1c0,0.1052,7.77,7.19,2488,2.976,1.409
金标准,test_15_A_r1c1,0.0777,6.18,5.60,2471,3.775,1.362
金标准,test_160_N_r0c0,0.1647,7.76,7.19,4211,6.833,1.498
金标准,test_160_N_r0c1,0.0770,5.60,4.39,2562,2.350,1.339
金标准,test_160_N_r1c0,0.1230,6.92,6.00,3415,5.305,1.429
金标准,test_160_N_r1c1,0.0846,5.74,4.39,2839,4.398,1.342
金标准,test_161_N_r0c0,0.0699,5.86,6.00,2296,2.743,1.324
金标准,test_161_N_r0c1,0.1485,8.55,8.00,3355,4.463,1.472
金标准,test_161_N_r1c0,0.0810,6.19,6.00,2604,3.934,1.357
金标准,test_161_N_r1c1,0.1355,8.05,8.00,3206,4.665,1.439
金标准,test_162_N_r0c0,0.1444,8.33,7.19,3406,4.909,1.486
金标准,test_162_N_r0c1,0.0551,5.57,4.39,1899,2.236,1.319
金标准,test_162_N_r1c0,0.1232,7.47,7.19,3195,4.376,1.457
金标准,test_162_N_r1c1,0.0908,5.59,4.39,3185,4.910,1.362
金标准,test_163_N_r0c0,0.1202,6.78,6.39,3296,5.642,1.450
金标准,test_163_N_r0c1,0.0580,5.15,4.39,2149,3.585,1.313
金标准,test_163_N_r1c0,0.1183,7.75,8.00,2970,5.352,1.450
金标准,test_163_N_r1c1,0.0789,6.03,5.60,2538,3.896,1.349
金标准,test_164_N_r0c0,0.0733,5.15,4.39,2774,4.753,1.333
金标准,test_164_N_r0c1,0.1128,7.33,7.19,2778,3.823,1.448
金标准,test_164_N_r1c0,0.0589,5.07,4.39,2336,2.795,1.299
金标准,test_164_N_r1c1,0.1411,7.60,7.19,3501,3.541,1.454
金标准,test_165_N_r0c0,0.1608,7.98,8.00,3999,6.127,1.491
金标准,test_165_N_r0c1,0.1024,5.87,4.39,3316,3.187,1.372
金标准,test_165_N_r1c0,0.1367,7.10,6.39,3766,4.281,1.447
金标准,test_165_N_r1c1,0.0898,5.10,4.00,3329,4.401,1.348
金标准,test_166_N_r0c0,0.0934,5.72,4.39,3236,5.328,1.371
金标准,test_166_N_r0c1,0.1496,7.75,8.39,3576,5.400,1.466
金标准,test_166_N_r1c0,0.0916,6.67,6.39,2760,4.895,1.406
金标准,test_166_N_r1c1,0.1483,7.37,8.00,3836,5.347,1.457
金标准,test_167_N_r0c0,0.1370,7.91,8.00,3291,4.330,1.487
金标准,test_167_N_r0c1,0.1043,7.45,6.00,2706,3.948,1.393
金标准,test_167_N_r1c0,0.1203,7.74,7.19,2956,4.673,1.460
金标准,test_167_N_r1c1,0.0693,5.42,4.39,2402,3.667,1.334
金标准,test_168_N_r0c0,0.0668,4.86,4.39,2687,2.800,1.326
金标准,test_168_N_r0c1,0.1445,8.12,8.39,3239,4.341,1.489
金标准,test_168_N_r1c0,0.0622,5.30,4.39,2334,4.135,1.302
金标准,test_168_N_r1c1,0.1289,7.29,6.39,3314,3.091,1.450
金标准,test_169_N_r0c0,0.0975,6.60,6.00,2856,2.658,1.405
金标准,test_169_N_r0c1,0.1605,8.17,8.00,3635,5.482,1.477
金标准,test_169_N_r1c0,0.0806,6.03,6.00,2642,4.272,1.362
金标准,test_169_N_r1c1,0.1274,7.37,7.19,3229,5.706,1.466
金标准,test_16_A_r0c0,0.1426,8.13,8.00,3254,5.307,1.490
金标准,test_16_A_r0c1,0.0979,7.28,7.19,2543,3.436,1.397
金标准,test_16_A_r1c0,0.1371,7.95,8.00,3309,5.498,1.456
金标准,test_16_A_r1c1,0.0502,5.17,4.39,1838,1.473,1.245
金标准,test_170_N_r0c0,0.1626,8.12,7.19,4012,5.799,1.502
金标准,test_170_N_r0c1,0.1054,5.99,5.60,3298,4.061,1.383
金标准,test_170_N_r1c0,0.1257,7.40,7.19,3357,5.134,1.459
金标准,test_170_N_r1c1,0.0761,5.65,5.60,2611,5.333,1.339
金标准,test_171_N_r0c0,0.0902,5.47,4.39,3262,4.391,1.365
金标准,test_171_N_r0c1,0.1438,7.85,8.39,3313,4.765,1.455
金标准,test_171_N_r1c0,0.1021,5.50,4.39,3688,5.578,1.370
金标准,test_171_N_r1c1,0.1552,7.23,6.00,4005,5.442,1.452
金标准,test_172_N_r0c0,0.1486,7.47,6.39,3818,6.093,1.506
金标准,test_172_N_r0c1,0.0968,5.66,4.39,3268,3.347,1.359
金标准,test_172_N_r1c0,0.1333,7.35,6.00,3516,5.384,1.465
金标准,test_172_N_r1c1,0.1008,5.80,4.39,3353,4.327,1.379
金标准,test_173_N_r0c0,0.0880,6.30,6.00,2705,3.889,1.364
金标准,test_173_N_r0c1,0.1535,8.44,8.00,3423,5.202,1.475
金标准,test_173_N_r1c0,0.0870,5.85,4.39,2983,3.668,1.371
金标准,test_173_N_r1c1,0.1375,8.63,8.39,2971,4.349,1.453
金标准,test_174_N_r0c0,0.1582,8.48,8.00,3649,5.650,1.514
金标准,test_174_N_r0c1,0.0978,5.83,5.60,3127,3.280,1.350
金标准,test_174_N_r1c0,0.1328,7.31,6.00,3472,4.481,1.472
金标准,test_174_N_r1c1,0.0961,6.04,5.60,3021,2.755,1.365
金标准,test_175_N_r0c0,0.0925,5.93,5.60,2960,4.309,1.358
金标准,test_175_N_r0c1,0.1557,8.72,8.39,3287,4.249,1.518
金标准,test_175_N_r1c0,0.1167,6.38,4.39,3684,4.324,1.406
金标准,test_175_N_r1c1,0.1272,9.02,9.99,2619,3.463,1.463
金标准,test_176_N_r0c0,0.1537,8.54,8.40,3449,4.929,1.508
金标准,test_176_N_r0c1,0.1169,5.96,5.60,3662,5.428,1.407
金标准,test_176_N_r1c0,0.1400,7.99,6.39,3397,3.516,1.455
金标准,test_176_N_r1c1,0.0811,5.49,4.39,2907,4.052,1.336
金标准,test_177_N_r0c0,0.0756,5.54,4.39,2634,3.671,1.384
金标准,test_177_N_r0c1,0.1809,8.10,8.00,4159,4.231,1.527
金标准,test_177_N_r1c0,0.0837,6.45,6.00,2476,3.513,1.371
金标准,test_177_N_r1c1,0.1506,8.07,7.19,3453,5.276,1.481
金标准,test_178_N_r0c0,0.1546,8.28,8.00,3632,5.100,1.507
金标准,test_178_N_r0c1,0.0822,6.00,5.60,2594,3.470,1.359
金标准,test_178_N_r1c0,0.1383,8.02,8.39,3306,4.527,1.471
金标准,test_178_N_r1c1,0.1091,5.83,4.39,3565,4.874,1.413
金标准,test_179_N_r0c0,0.0907,5.48,4.39,3246,4.962,1.349
金标准,test_179_N_r0c1,0.1559,8.16,8.00,3632,5.227,1.480
金标准,test_179_N_r1c0,0.0964,5.56,4.39,3460,4.545,1.376
金标准,test_179_N_r1c1,0.1210,6.85,6.00,3279,5.072,1.438
金标准,test_17_A_r0c0,0.1437,7.90,7.19,3489,5.453,1.463
金标准,test_17_A_r0c1,0.1043,6.49,6.39,3042,4.302,1.380
金标准,test_17_A_r1c0,0.1213,7.88,8.00,2985,2.300,1.480
金标准,test_17_A_r1c1,0.0821,6.25,5.60,2579,4.593,1.382
金标准,test_180_N_r0c0,0.1410,6.91,6.00,3901,5.669,1.468
金标准,test_180_N_r0c1,0.0667,5.18,4.39,2413,4.180,1.324
金标准,test_180_N_r1c0,0.1241,7.04,6.39,3389,5.413,1.438
金标准,test_180_N_r1c1,0.0795,5.54,4.39,2802,3.010,1.341
金标准,test_181_N_r0c0,0.1404,7.67,7.19,3522,4.507,1.480
金标准,test_181_N_r0c1,0.0713,6.42,6.39,2068,1.941,1.340
金标准,test_181_N_r1c0,0.1091,7.83,8.39,2628,4.038,1.455
金标准,test_181_N_r1c1,0.0893,5.69,5.60,2936,4.339,1.357
金标准,test_182_N_r0c0,0.0975,5.65,4.39,3437,5.504,1.380
金标准,test_182_N_r0c1,0.1307,7.51,7.19,3434,4.503,1.449
金标准,test_182_N_r1c0,0.0978,5.76,4.39,3452,3.251,1.376
金标准,test_182_N_r1c1,0.1293,7.04,6.39,3696,5.956,1.453
金标准,test_183_N_r0c0,0.1378,7.65,8.00,3582,5.479,1.468
金标准,test_183_N_r0c1,0.0901,5.95,5.60,2908,5.047,1.378
金标准,test_183_N_r1c0,0.1111,7.54,8.00,2847,3.272,1.449
金标准,test_183_N_r1c1,0.0720,5.41,4.39,2490,4.589,1.356
金标准,test_184_N_r0c0,0.0948,5.94,5.60,3126,4.679,1.374
金标准,test_184_N_r0c1,0.1512,7.44,6.39,4101,6.078,1.492
金标准,test_184_N_r1c0,0.0728,5.22,4.39,2790,3.358,1.335
金标准,test_184_N_r1c1,0.1260,7.05,7.19,3489,5.265,1.454
金标准,test_185_N_r0c0,0.0744,4.98,4.00,2963,3.678,1.346
金标准,test_185_N_r0c1,0.1636,7.87,8.00,3847,5.559,1.474
金标准,test_185_N_r1c0,0.0760,5.54,4.39,2877,3.925,1.347
金标准,test_185_N_r1c1,0.1490,7.88,8.00,3431,4.890,1.466
金标准,test_186_N_r0c0,0.1362,7.79,8.00,3312,4.527,1.484
金标准,test_186_N_r0c1,0.0959,6.07,4.39,2963,4.704,1.378
金标准,test_186_N_r1c0,0.1208,6.99,6.39,3321,5.056,1.433
金标准,test_186_N_r1c1,0.1025,5.73,4.39,3503,5.761,1.396
金标准,test_187_N_r0c0,0.0824,5.32,4.39,2968,4.186,1.346
金标准,test_187_N_r0c1,0.1385,7.01,6.00,3688,4.953,1.443
金标准,test_187_N_r1c0,0.0833,5.66,4.39,2847,2.660,1.335
金标准,test_187_N_r1c1,0.1452,7.72,8.00,3501,4.288,1.475
金标准,test_188_N_r0c0,0.1583,7.30,6.00,4238,6.174,1.487
金标准,test_188_N_r0c1,0.0901,4.96,4.39,3423,4.280,1.330
金标准,test_188_N_r1c0,0.1329,7.39,7.19,3478,3.676,1.456
金标准,test_188_N_r1c1,0.1057,5.22,4.39,3899,6.015,1.370
金标准,test_189_N_r0c0,0.0884,5.59,5.60,3136,4.695,1.347
金标准,test_189_N_r0c1,0.1406,7.33,7.19,3614,5.203,1.456
金标准,test_189_N_r1c0,0.1105,5.49,4.39,4014,6.437,1.388
金标准,test_189_N_r1c1,0.1272,6.43,6.00,3644,3.552,1.407
金标准,test_18_A_r0c0,0.1056,8.10,8.00,2544,4.612,1.462
金标准,test_18_A_r0c1,0.0399,6.05,5.60,1238,2.905,1.314
金标准,test_18_A_r1c0,0.0510,6.81,6.00,1375,1.949,1.366
金标准,test_18_A_r1c1,0.0362,6.45,6.39,1032,1.282,1.343
金标准,test_190_N_r0c0,0.1310,7.18,7.19,3453,5.466,1.451
金标准,test_190_N_r0c1,0.0944,5.86,5.60,2959,3.626,1.368
金标准,test_190_N_r1c0,0.1511,7.84,7.19,3838,5.858,1.475
金标准,test_190_N_r1c1,0.0802,5.35,4.39,2857,2.560,1.318
金标准,test_191_N_r0c0,0.0862,5.21,4.00,3351,4.658,1.354
金标准,test_191_N_r0c1,0.1452,7.36,6.39,3763,5.675,1.448
金标准,test_191_N_r1c0,0.0871,5.74,5.60,3005,3.015,1.369
金标准,test_191_N_r1c1,0.1226,7.19,6.00,3269,5.599,1.432
金标准,test_192_N_r0c0,0.1572,8.60,8.40,3569,5.554,1.494
金标准,test_192_N_r0c1,0.0945,5.71,4.39,3161,4.766,1.354
金标准,test_192_N_r1c0,0.1182,7.61,8.39,2933,2.583,1.431
金标准,test_192_N_r1c1,0.0722,5.35,4.39,2552,3.040,1.333
金标准,test_193_N_r0c0,0.0945,5.41,4.39,3400,5.124,1.364
金标准,test_193_N_r0c1,0.1550,7.43,6.39,3943,5.848,1.470
金标准,test_193_N_r1c0,0.0856,5.38,4.39,3297,5.474,1.364
金标准,test_193_N_r1c1,0.1449,6.96,6.39,3942,5.535,1.444
金标准,test_194_N_r0c0,0.1565,7.24,6.39,4211,6.268,1.493
金标准,test_194_N_r0c1,0.0806,4.90,4.39,3050,3.253,1.332
金标准,test_194_N_r1c0,0.1439,6.99,6.00,4096,5.879,1.477
金标准,test_194_N_r1c1,0.0961,5.65,4.39,3263,6.050,1.367
金标准,test_195_N_r0c0,0.0954,5.37,4.39,3532,4.513,1.346
金标准,test_195_N_r0c1,0.1710,7.52,7.19,4326,5.886,1.510
金标准,test_195_N_r1c0,0.0754,4.91,4.39,3121,3.290,1.343
金标准,test_195_N_r1c1,0.1368,7.73,7.19,3362,4.924,1.455
金标准,test_196_N_r0c0,0.1483,8.45,8.00,3406,4.271,1.474
金标准,test_196_N_r0c1,0.0730,6.44,6.00,2086,2.510,1.338
金标准,test_196_N_r1c0,0.1374,9.70,9.99,2633,3.551,1.496
金标准,test_196_N_r1c1,0.0757,7.02,6.39,2068,2.307,1.372
金标准,test_197_N_r0c0,0.1591,7.84,7.19,3988,3.458,1.501
金标准,test_197_N_r0c1,0.0653,5.61,5.60,2077,2.160,1.313
金标准,test_197_N_r1c0,0.1250,6.89,6.00,3432,5.391,1.453
金标准,test_197_N_r1c1,0.0980,6.15,5.60,2983,2.945,1.385
金标准,test_198_N_r0c0,0.0894,5.13,4.39,3467,4.961,1.354
金标准,test_198_N_r0c1,0.1456,7.15,6.39,3748,6.280,1.488
金标准,test_198_N_r1c0,0.0843,5.22,4.39,3202,5.166,1.346
金标准,test_198_N_r1c1,0.1418,6.94,6.00,3769,5.133,1.453
金标准,test_199_N_r0c0,0.1596,8.09,8.00,3791,6.081,1.502
金标准,test_199_N_r0c1,0.0907,6.01,5.60,2807,2.737,1.356
金标准,test_199_N_r1c0,0.1388,8.41,8.39,3247,4.919,1.440
金标准,test_199_N_r1c1,0.0857,5.94,4.39,2746,4.482,1.389
金标准,test_19_A_r0c0,0.0829,5.89,5.60,2678,4.181,1.369
金标准,test_19_A_r0c1,0.1270,7.81,8.00,2934,3.873,1.430
金标准,test_19_A_r1c0,0.0094,3.52,4.00,548,1.688,1.125
金标准,test_19_A_r1c1,0.1133,8.50,8.00,2680,4.612,1.479
金标准,test_1_A_r0c0,0.0861,6.30,5.60,2635,4.069,1.362
金标准,test_1_A_r0c1,0.1655,7.59,7.19,4026,6.886,1.512
金标准,test_1_A_r1c0,0.1050,6.38,6.00,3224,5.024,1.394
金标准,test_1_A_r1c1,0.1660,7.52,8.00,4051,5.698,1.507
金标准,test_200_N_r0c0,0.1001,5.47,4.39,3641,3.749,1.390
金标准,test_200_N_r0c1,0.1469,7.50,6.39,3718,4.806,1.488
金标准,test_200_N_r1c0,0.1137,5.56,4.39,4039,4.420,1.413
金标准,test_200_N_r1c1,0.1415,8.14,8.00,3260,4.390,1.469
金标准,test_20_A_r0c0,0.1434,7.08,6.00,3918,4.825,1.469
金标准,test_20_A_r0c1,0.0859,5.62,4.39,2944,4.202,1.345
金标准,test_20_A_r1c0,0.1285,6.66,6.00,3737,5.646,1.435
金标准,test_20_A_r1c1,0.0974,5.59,4.39,3392,5.657,1.358
金标准,test_21_A_r0c0,0.1317,7.87,7.19,3222,4.961,1.481
金标准,test_21_A_r0c1,0.0595,6.37,6.00,1732,2.005,1.331
金标准,test_21_A_r1c0,0.1060,7.93,7.19,2489,3.773,1.420
金标准,test_21_A_r1c1,0.0689,5.81,5.60,2340,3.484,1.335
金标准,test_22_A_r0c0,0.0752,4.76,4.00,3112,4.552,1.307
金标准,test_22_A_r0c1,0.1388,6.58,6.00,4018,4.040,1.433
金标准,test_22_A_r1c0,0.0901,5.84,5.60,3060,4.907,1.355
金标准,test_22_A_r1c1,0.1316,6.96,6.39,3632,3.857,1.439
金标准,test_23_A_r0c0,0.0752,4.76,4.00,3112,4.552,1.307
金标准,test_23_A_r0c1,0.1388,6.58,6.00,4018,4.040,1.433
金标准,test_23_A_r1c0,0.0902,5.84,5.60,3060,4.907,1.355
金标准,test_23_A_r1c1,0.1316,6.96,6.39,3632,3.857,1.439
金标准,test_24_A_r0c0,0.1147,8.05,8.00,2604,3.156,1.464
金标准,test_24_A_r0c1,0.0567,6.23,6.00,1720,2.765,1.318
金标准,test_24_A_r1c0,0.0809,7.54,7.19,2040,4.005,1.400
金标准,test_24_A_r1c1,0.0434,6.67,6.00,1245,1.483,1.345
金标准,test_25_A_r0c0,0.0667,5.38,5.60,2390,4.133,1.328
金标准,test_25_A_r0c1,0.1323,6.08,5.60,4217,6.927,1.476
金标准,test_25_A_r1c0,0.0669,5.86,6.00,2204,4.087,1.328
金标准,test_25_A_r1c1,0.0913,6.12,5.60,2812,4.098,1.418
金标准,test_26_A_r0c0,0.0949,5.85,5.60,3161,4.605,1.383
金标准,test_26_A_r0c1,0.1552,7.30,7.19,4039,6.673,1.484
金标准,test_26_A_r1c0,0.0795,5.77,4.39,2715,4.075,1.339
金标准,test_26_A_r1c1,0.1220,7.08,8.00,3190,4.854,1.425
金标准,test_27_A_r0c0,0.0175,6.09,5.60,525,1.642,1.343
金标准,test_27_A_r0c1,0.1140,8.07,7.19,2508,2.576,1.446
金标准,test_27_A_r1c0,0.0092,11.34,12.00,147,0.969,1.397
金标准,test_27_A_r1c1,0.0787,9.21,9.99,1592,2.752,1.423
金标准,test_28_A_r0c0,0.0441,5.78,4.39,1426,1.722,1.302
金标准,test_28_A_r0c1,0.1477,7.86,7.19,3530,5.702,1.498
金标准,test_28_A_r1c0,0.0884,6.40,6.39,2725,3.082,1.368
金标准,test_28_A_r1c1,0.1104,8.35,8.40,2403,2.489,1.403
金标准,test_29_A_r0c0,0.1531,7.56,7.19,3857,5.312,1.502
金标准,test_29_A_r0c1,0.0503,5.36,5.60,1784,1.641,1.267
金标准,test_29_A_r1c0,0.0824,7.38,7.19,2059,2.241,1.399
金标准,test_29_A_r1c1,0.0971,5.85,4.39,3234,5.342,1.376
金标准,test_2_A_r0c0,0.0968,4.97,4.00,3743,6.546,1.380
金标准,test_2_A_r0c1,0.1460,6.56,5.60,4169,5.949,1.457
金标准,test_2_A_r1c0,0.0994,5.32,4.39,3694,4.509,1.374
金标准,test_2_A_r1c1,0.1542,6.45,5.60,4582,7.457,1.485
金标准,test_30_A_r0c0,0.0981,6.74,6.39,2757,3.419,1.444
金标准,test_30_A_r0c1,0.0236,3.62,4.00,1301,1.564,1.192
金标准,test_30_A_r1c0,0.1387,7.79,8.39,3412,5.599,1.457
金标准,test_30_A_r1c1,0.1033,5.68,4.39,3579,5.506,1.395
金标准,test_31_A_r0c0,0.1486,7.43,6.00,3811,5.126,1.468
金标准,test_31_A_r0c1,0.0945,5.57,4.39,3211,4.927,1.341
金标准,test_31_A_r1c0,0.1322,7.01,6.00,3761,5.923,1.465
金标准,test_31_A_r1c1,0.0844,5.53,4.00,3128,4.278,1.368
金标准,test_32_A_r0c0,0.1417,6.71,6.00,4169,6.474,1.471
金标准,test_32_A_r0c1,0.0919,5.72,4.39,3099,4.816,1.368
金标准,test_32_A_r1c0,0.1264,7.02,7.19,3299,3.111,1.417
金标准,test_32_A_r1c1,0.0831,5.53,5.60,2933,4.864,1.327
金标准,test_33_A_r0c0,0.1706,6.27,5.60,5282,7.050,1.510
金标准,test_33_A_r0c1,0.1102,4.95,4.00,4411,6.192,1.369
金标准,test_33_A_r1c0,0.1619,7.11,7.19,4379,5.658,1.475
金标准,test_33_A_r1c1,0.1066,4.71,4.00,4525,4.684,1.369
金标准,test_34_A_r0c0,0.1218,8.51,8.00,2727,3.920,1.449
金标准,test_34_A_r0c1,0.0861,7.71,6.39,2075,4.002,1.398
金标准,test_34_A_r1c0,0.1036,8.32,8.00,2351,3.811,1.461
金标准,test_34_A_r1c1,0.0696,6.89,6.00,1936,2.886,1.349
金标准,test_35_A_r0c0,0.1434,7.05,6.39,3763,5.829,1.464
金标准,test_35_A_r0c1,0.0907,5.27,4.39,3208,4.009,1.319
金标准,test_35_A_r1c0,0.1362,6.81,7.19,3690,5.440,1.455
金标准,test_35_A_r1c1,0.0923,4.95,4.00,3646,5.077,1.342
金标准,test_36_A_r0c0,0.1028,5.98,6.00,3317,3.022,1.401
金标准,test_36_A_r0c1,0.1391,7.60,8.00,3374,5.479,1.473
金标准,test_36_A_r1c0,0.0974,5.57,4.39,3476,5.193,1.387
金标准,test_36_A_r1c1,0.1128,7.33,8.00,2760,4.264,1.413
金标准,test_37_A_r0c0,0.0381,7.56,7.19,900,9.183,1.336
金标准,test_37_A_r0c1,0.0404,5.91,4.39,1249,2.448,1.299
金标准,test_37_A_r1c0,0.0392,6.15,6.00,1272,2.593,1.360
金标准,test_37_A_r1c1,0.0726,8.52,8.79,1537,2.721,1.405
金标准,test_38_A_r0c0,0.1119,8.60,8.79,2415,3.548,1.474
金标准,test_38_A_r0c1,0.0938,6.55,6.00,2697,4.471,1.386
金标准,test_38_A_r1c0,0.0913,6.95,6.39,2508,3.339,1.390
金标准,test_38_A_r1c1,0.0473,5.23,5.60,1752,1.571,1.285
金标准,test_39_A_r0c0,0.1245,6.82,6.00,3521,5.640,1.450
金标准,test_39_A_r0c1,0.0778,6.21,5.60,2270,3.238,1.341
金标准,test_39_A_r1c0,0.1038,7.11,7.19,2766,4.322,1.412
金标准,test_39_A_r1c1,0.0611,5.59,4.39,2139,2.814,1.299
金标准,test_3_A_r0c0,0.1856,6.93,6.00,5141,6.554,1.527
金标准,test_3_A_r0c1,0.1066,5.30,4.39,3912,4.457,1.368
金标准,test_3_A_r1c0,0.1760,7.17,7.19,4843,6.571,1.488
金标准,test_3_A_r1c1,0.1128,5.37,4.39,4211,3.870,1.399
金标准,test_40_A_r0c0,0.1220,6.97,6.39,3298,4.490,1.412
金标准,test_40_A_r0c1,0.0704,5.78,5.60,2288,3.360,1.334
金标准,test_40_A_r1c0,0.1060,7.34,7.19,2834,4.492,1.415
金标准,test_40_A_r1c1,0.0603,5.44,4.39,2211,3.668,1.306
金标准,test_41_A_r0c0,0.1443,8.67,8.39,3145,4.511,1.485
金标准,test_41_A_r0c1,0.0758,5.56,5.60,2606,2.821,1.350
金标准,test_41_A_r1c0,0.1198,7.86,8.00,2875,3.573,1.420
金标准,test_41_A_r1c1,0.0772,6.04,5.60,2490,1.869,1.349
金标准,test_42_A_r0c0,0.0947,5.70,4.39,3258,5.103,1.400
金标准,test_42_A_r0c1,0.1251,7.58,6.39,3175,4.888,1.443
金标准,test_42_A_r1c0,0.0577,4.66,4.00,2435,3.503,1.283
金标准,test_42_A_r1c1,0.1151,7.39,6.39,2954,4.651,1.436
金标准,test_43_A_r0c0,0.0757,6.48,6.00,2226,3.592,1.363
金标准,test_43_A_r0c1,0.1004,6.24,5.60,3082,5.521,1.402
金标准,test_43_A_r1c0,0.0535,4.62,4.39,2277,4.326,1.308
金标准,test_43_A_r1c1,0.0890,5.39,4.39,3220,5.747,1.384
金标准,test_44_A_r0c0,0.0875,6.09,5.60,2792,2.435,1.355
金标准,test_44_A_r0c1,0.1530,7.91,8.00,3689,5.560,1.470
金标准,test_44_A_r1c0,0.0814,5.45,4.00,2944,4.440,1.367
金标准,test_44_A_r1c1,0.1348,7.57,7.19,3352,4.541,1.447
金标准,test_45_A_r0c0,0.0703,5.82,5.60,2363,3.343,1.337
金标准,test_45_A_r0c1,0.1230,6.79,6.00,3470,5.131,1.411
金标准,test_45_A_r1c0,0.0526,5.55,4.39,1856,3.098,1.327
金标准,test_45_A_r1c1,0.0743,6.46,6.00,2106,3.369,1.405
金标准,test_46_A_r0c0,0.1005,7.10,7.19,2725,3.960,1.395
金标准,test_46_A_r0c1,0.1360,8.05,7.19,3179,5.175,1.462
金标准,test_46_A_r1c0,0.0481,5.15,4.39,1767,3.012,1.262
金标准,test_46_A_r1c1,0.0721,8.11,8.00,1640,2.961,1.413
金标准,test_47_A_r0c0,0.0012,2.74,2.80,81,0.938,1.061
金标准,test_47_A_r0c1,0.0979,6.56,6.00,2693,3.017,1.391
金标准,test_47_A_r1c0,0.0434,5.78,5.60,1459,3.261,1.297
金标准,test_47_A_r1c1,0.1047,7.32,6.00,2654,2.888,1.405
金标准,test_48_A_r0c0,0.1438,7.01,6.00,4064,5.684,1.470
金标准,test_48_A_r0c1,0.0915,5.76,4.39,3068,5.108,1.365
金标准,test_48_A_r1c0,0.1267,7.03,7.19,3311,3.517,1.417
金标准,test_48_A_r1c1,0.0832,5.52,5.60,2949,4.925,1.328
金标准,test_49_A_r0c0,0.1094,6.38,6.00,3350,3.573,1.399
金标准,test_49_A_r0c1,0.1413,8.25,8.00,3270,3.055,1.472
金标准,test_49_A_r1c0,0.0743,5.86,5.60,2509,3.598,1.349
金标准,test_49_A_r1c1,0.1215,6.90,6.39,3212,3.878,1.406
金标准,test_4_A_r0c0,0.0901,5.46,4.39,3117,5.368,1.374
金标准,test_4_A_r0c1,0.1262,6.34,5.60,3782,5.689,1.441
金标准,test_4_A_r1c0,0.0815,4.68,4.00,3507,5.130,1.324
金标准,test_4_A_r1c1,0.1190,6.80,7.19,3381,5.332,1.423
金标准,test_50_A_r0c0,0.1312,8.47,8.00,2911,4.370,1.468
金标准,test_50_A_r0c1,0.0671,5.80,5.60,2186,3.785,1.306
金标准,test_50_A_r1c0,0.1029,7.73,7.19,2615,4.395,1.449
金标准,test_50_A_r1c1,0.0896,6.02,4.39,2847,4.261,1.371
金标准,test_51_D_r0c0,0.0042,4.06,4.00,198,1.089,1.237
金标准,test_51_D_r0c1,0.0490,7.21,7.19,1263,1.575,1.351
金标准,test_51_D_r1c0,0.0272,6.57,7.19,798,2.218,1.302
金标准,test_51_D_r1c1,0.0207,9.24,10.00,398,2.873,1.388
金标准,test_52_D_r0c0,0.0868,6.25,5.60,2647,4.236,1.373
金标准,test_52_D_r0c1,0.0811,6.37,5.60,2322,4.343,1.392
金标准,test_52_D_r1c0,0.0139,3.67,4.00,751,1.200,1.136
金标准,test_52_D_r1c1,0.0475,6.79,7.19,1323,2.191,1.342
金标准,test_53_D_r0c0,0.1210,8.77,8.79,2645,4.888,1.467
金标准,test_53_D_r0c1,0.0646,7.55,6.39,1606,2.882,1.395
金标准,test_53_D_r1c0,0.0893,8.20,8.00,2065,4.365,1.476
金标准,test_53_D_r1c1,0.0505,7.41,7.19,1252,2.798,1.381
金标准,test_54_D_r0c0,0.0917,4.95,4.00,3528,3.787,1.335
金标准,test_54_D_r0c1,0.1322,7.18,6.00,3450,5.655,1.439
金标准,test_54_D_r1c0,0.0959,5.43,4.39,3673,5.496,1.379
金标准,test_54_D_r1c1,0.1261,6.96,8.00,3364,4.218,1.429
金标准,test_55_D_r0c0,0.0246,8.15,8.79,559,1.636,1.377
金标准,test_55_D_r0c1,0.0877,8.96,8.79,1768,2.993,1.431
金标准,test_55_D_r1c0,0.0047,6.34,6.39,141,2.246,1.407
金标准,test_55_D_r1c1,0.0611,8.89,8.79,1304,2.234,1.427
金标准,test_56_D_r0c0,0.1395,10.05,9.99,2676,4.409,1.516
金标准,test_56_D_r0c1,0.0927,7.10,6.00,2454,3.538,1.383
金标准,test_56_D_r1c0,0.1336,8.88,8.40,2875,3.629,1.461
金标准,test_56_D_r1c1,0.0789,6.48,5.60,2390,3.169,1.373
金标准,test_57_D_r0c0,0.0020,5.12,5.60,77,1.013,1.299
金标准,test_57_D_r0c1,0.0488,6.78,6.39,1446,2.593,1.349
金标准,test_57_D_r1c0,0.0353,8.17,8.00,854,2.422,1.414
金标准,test_57_D_r1c1,0.0339,6.94,6.39,890,2.366,1.432
金标准,test_58_D_r0c0,0.0755,6.12,5.60,2380,3.677,1.355
金标准,test_58_D_r0c1,0.1289,7.11,6.39,3341,4.782,1.457
金标准,test_58_D_r1c0,0.0828,6.33,5.60,2523,2.776,1.356
金标准,test_58_D_r1c1,0.1145,8.05,8.00,2600,4.056,1.456
金标准,test_59_D_r0c0,0.1329,7.40,7.19,3436,5.499,1.481
金标准,test_59_D_r0c1,0.1072,6.37,6.00,3160,4.203,1.393
金标准,test_59_D_r1c0,0.1277,7.29,6.00,3478,5.908,1.469
金标准,test_59_D_r1c1,0.0899,6.10,4.39,2922,5.225,1.361
金标准,test_5_A_r0c0,0.1210,5.69,4.39,4147,6.002,1.410
金标准,test_5_A_r0c1,0.1821,7.32,7.19,4667,7.308,1.498
金标准,test_5_A_r1c0,0.0934,5.09,4.39,3664,4.279,1.350
金标准,test_5_A_r1c1,0.1466,6.91,6.00,4061,5.743,1.465
金标准,test_60_D_r0c0,0.0706,5.21,5.60,2522,2.428,1.318
金标准,test_60_D_r0c1,0.1364,7.42,6.39,3445,5.537,1.459
金标准,test_60_D_r1c0,0.0834,5.59,4.39,2956,4.594,1.339
金标准,test_60_D_r1c1,0.1168,7.79,8.00,2903,4.710,1.423
金标准,test_61_D_r0c0,0.0723,6.20,4.39,2254,4.095,1.423
金标准,test_61_D_r0c1,0.0364,4.07,4.00,1697,3.770,1.247
金标准,test_61_D_r1c0,0.0739,7.17,6.00,1946,2.848,1.421
金标准,test_61_D_r1c1,0.0457,5.76,4.39,1522,2.029,1.318
金标准,test_62_D_r0c0,0.1134,7.70,6.39,2825,4.787,1.495
金标准,test_62_D_r0c1,0.0382,5.50,5.60,1306,1.993,1.343
金标准,test_62_D_r1c0,0.1022,8.54,8.00,2402,4.774,1.477
金标准,test_62_D_r1c1,0.0637,6.07,5.60,2069,2.242,1.349
金标准,test_63_D_r0c0,0.1274,9.11,8.79,2581,4.472,1.481
金标准,test_63_D_r0c1,0.0639,6.04,6.00,1982,4.007,1.369
金标准,test_63_D_r1c0,0.1219,8.62,8.79,2637,4.030,1.453
金标准,test_63_D_r1c1,0.0834,8.02,8.00,1953,3.172,1.397
金标准,test_64_D_r0c0,0.0701,6.08,5.60,2289,4.696,1.354
金标准,test_64_D_r0c1,0.1631,7.43,7.19,4216,6.535,1.495
金标准,test_64_D_r1c0,0.0409,6.44,6.00,1243,3.067,1.339
金标准,test_64_D_r1c1,0.1213,8.16,8.39,2715,3.761,1.432
金标准,test_65_D_r0c0,0.0637,6.84,6.00,1799,2.795,1.342
金标准,test_65_D_r0c1,0.1405,10.34,10.79,2551,2.904,1.507
金标准,test_65_D_r1c0,0.0880,7.52,7.19,2309,3.619,1.409
金标准,test_65_D_r1c1,0.1163,9.61,9.99,2287,4.037,1.457
金标准,test_66_D_r0c0,0.1280,10.78,10.79,2237,3.443,1.538
金标准,test_66_D_r0c1,0.0688,7.55,8.00,1709,3.039,1.362
金标准,test_66_D_r1c0,0.1010,9.31,8.40,2076,3.828,1.483
金标准,test_66_D_r1c1,0.0397,8.43,8.00,911,1.341,1.407
金标准,test_67_D_r0c0,0.0540,6.26,5.60,1661,2.287,1.356
金标准,test_67_D_r0c1,0.1029,6.61,6.00,3048,5.869,1.483
金标准,test_67_D_r1c0,0.0615,5.98,5.60,2016,3.259,1.341
金标准,test_67_D_r1c1,0.1048,6.71,6.00,2978,4.345,1.437
金标准,test_68_D_r0c0,0.1237,8.24,8.00,2827,3.918,1.474
金标准,test_68_D_r0c1,0.0726,6.12,6.00,2280,4.370,1.339
金标准,test_68_D_r1c0,0.1305,7.36,6.39,3526,4.932,1.450
金标准,test_68_D_r1c1,0.0947,5.75,5.60,3274,4.292,1.396
金标准,test_69_D_r0c0,0.1392,8.83,8.00,3115,4.883,1.498
金标准,test_69_D_r0c1,0.0965,6.02,5.60,2988,5.729,1.371
金标准,test_69_D_r1c0,0.1333,7.78,8.00,3322,5.410,1.463
金标准,test_69_D_r1c1,0.0921,5.96,5.60,2990,4.996,1.364
金标准,test_6_A_r0c0,0.0894,4.88,4.00,3530,2.832,1.349
金标准,test_6_A_r0c1,0.1375,6.74,6.00,3922,6.127,1.463
金标准,test_6_A_r1c0,0.0830,5.35,4.39,3067,3.618,1.364
金标准,test_6_A_r1c1,0.1140,6.46,6.00,3301,4.584,1.411
金标准,test_70_D_r0c0,0.1422,8.60,8.39,3169,4.668,1.470
金标准,test_70_D_r0c1,0.0774,6.22,4.39,2325,4.636,1.343
金标准,test_70_D_r1c0,0.1150,8.22,8.39,2593,2.473,1.436
金标准,test_70_D_r1c1,0.0715,5.39,4.39,2496,4.122,1.307
金标准,test_71_D_r0c0,0.0662,6.17,5.60,1994,3.521,1.398
金标准,test_71_D_r0c1,0.0323,4.89,4.39,1213,1.958,1.259
金标准,test_71_D_r1c0,0.0763,7.25,7.19,2074,3.000,1.392
金标准,test_71_D_r1c1,0.0404,5.40,5.60,1450,2.698,1.301
金标准,test_72_D_r0c0,0.1256,8.13,8.00,2909,4.934,1.463
金标准,test_72_D_r0c1,0.0901,5.78,5.60,2911,4.711,1.348
金标准,test_72_D_r1c0,0.1026,6.87,7.19,2956,5.369,1.413
金标准,test_72_D_r1c1,0.0731,5.28,4.39,2745,4.328,1.334
金标准,test_73_D_r0c0,0.1302,8.43,8.79,2912,4.577,1.465
金标准,test_73_D_r0c1,0.0777,5.82,6.00,2545,3.904,1.327
金标准,test_73_D_r1c0,0.0979,8.10,8.39,2258,3.144,1.431
金标准,test_73_D_r1c1,0.0858,6.17,6.00,2799,4.972,1.373
金标准,test_74_D_r0c0,0.0833,5.64,4.39,2776,4.856,1.348
金标准,test_74_D_r0c1,0.1335,7.70,8.00,3324,5.285,1.456
金标准,test_74_D_r1c0,0.0774,5.90,5.60,2644,4.465,1.344
金标准,test_74_D_r1c1,0.1170,8.21,8.39,2728,4.389,1.435
金标准,test_75_D_r0c0,0.0753,5.42,5.60,2715,4.420,1.332
金标准,test_75_D_r0c1,0.1361,6.70,6.39,3927,5.758,1.446
金标准,test_75_D_r1c0,0.0936,6.02,5.60,2997,4.785,1.370
金标准,test_75_D_r1c1,0.1137,6.72,5.60,3199,5.641,1.436
金标准,test_76_D_r0c0,0.0996,7.07,6.39,2617,3.610,1.433
金标准,test_76_D_r0c1,0.0252,7.17,7.19,646,1.468,1.356
金标准,test_76_D_r1c0,0.0497,6.63,6.39,1407,1.854,1.349
金标准,test_76_D_r1c1,0.0258,8.21,9.99,614,1.239,1.321
金标准,test_77_D_r0c0,0.0754,5.81,6.00,2470,2.768,1.360
金标准,test_77_D_r0c1,0.1330,6.65,6.00,3823,4.866,1.457
金标准,test_77_D_r1c0,0.0825,6.02,5.60,2687,3.621,1.347
金标准,test_77_D_r1c1,0.1068,6.65,5.60,2997,4.521,1.392
金标准,test_78_D_r0c0,0.0182,9.04,8.79,355,1.005,1.395
金标准,test_78_D_r0c1,0.0763,7.86,8.00,1800,2.824,1.437
金标准,test_78_D_r1c0,0.0489,6.30,6.00,1562,2.066,1.287
金标准,test_78_D_r1c1,0.0491,6.50,6.39,1422,2.026,1.314
金标准,test_79_D_r0c0,0.1249,8.99,8.39,2636,4.578,1.465
金标准,test_79_D_r0c1,0.0655,6.84,6.39,1749,2.865,1.349
金标准,test_79_D_r1c0,0.1289,9.22,8.79,2718,4.194,1.460
金标准,test_79_D_r1c1,0.0751,6.78,5.60,2058,3.462,1.337
金标准,test_7_A_r0c0,0.1430,5.34,4.00,5329,7.777,1.455
金标准,test_7_A_r0c1,0.0791,4.14,4.00,3772,5.224,1.317
金标准,test_7_A_r1c0,0.1037,6.23,6.00,3213,4.159,1.414
金标准,test_7_A_r1c1,0.0946,4.91,4.00,3785,5.482,1.353
金标准,test_80_D_r0c0,0.0533,6.89,7.19,1428,2.379,1.373
金标准,test_80_D_r0c1,0.1396,8.68,8.79,3003,5.223,1.485
金标准,test_80_D_r1c0,0.0525,6.43,5.60,1603,2.536,1.328
金标准,test_80_D_r1c1,0.1159,8.62,8.79,2511,4.020,1.500
金标准,test_81_D_r0c0,0.0803,5.74,4.39,2730,4.979,1.344
金标准,test_81_D_r0c1,0.1177,7.00,6.39,3211,5.284,1.444
金标准,test_81_D_r1c0,0.0753,5.15,4.39,2868,4.497,1.341
金标准,test_81_D_r1c1,0.0976,7.20,7.19,2552,4.689,1.405
金标准,test_82_D_r0c0,0.0741,5.83,4.39,2371,2.614,1.382
金标准,test_82_D_r0c1,0.0351,5.17,4.39,1312,1.648,1.275
金标准,test_82_D_r1c0,0.0457,5.43,4.39,1523,1.503,1.318
金标准,test_82_D_r1c1,0.0292,5.11,4.39,1116,2.067,1.271
金标准,test_83_D_r0c0,0.0899,6.89,6.00,2499,4.220,1.403
金标准,test_83_D_r0c1,0.1150,9.44,9.99,2213,1.484,1.472
金标准,test_83_D_r1c0,0.0457,6.22,5.60,1408,2.011,1.343
金标准,test_83_D_r1c1,0.1122,8.35,8.00,2611,4.112,1.435
金标准,test_84_D_r0c0,0.1013,6.86,6.39,2766,3.895,1.389
金标准,test_84_D_r0c1,0.1443,7.09,6.00,3813,5.274,1.494
金标准,test_84_D_r1c0,0.0734,6.12,5.60,2362,4.301,1.351
金标准,test_84_D_r1c1,0.1027,7.08,6.39,2661,3.081,1.416
金标准,test_85_D_r0c0,0.0853,7.26,7.19,2218,3.337,1.390
金标准,test_85_D_r0c1,0.1354,8.10,7.19,3167,5.936,1.502
金标准,test_85_D_r1c0,0.0693,6.07,5.60,2220,3.917,1.376
金标准,test_85_D_r1c1,0.0939,7.75,8.00,2204,2.706,1.414
金标准,test_86_D_r0c0,0.0578,5.29,4.39,2123,2.466,1.302
金标准,test_86_D_r0c1,0.1419,7.85,8.00,3340,5.134,1.486
金标准,test_86_D_r1c0,0.0693,5.74,4.39,2378,3.426,1.331
金标准,test_86_D_r1c1,0.1057,6.93,6.00,2802,4.031,1.439
金标准,test_87_D_r0c0,0.0577,6.10,6.00,1825,2.006,1.316
金标准,test_87_D_r0c1,0.1504,9.00,8.40,3272,5.186,1.500
金标准,test_87_D_r1c0,0.0757,6.38,5.60,2332,3.075,1.373
金标准,test_87_D_r1c1,0.1361,8.49,8.00,2970,3.830,1.480
金标准,test_88_D_r0c0,0.0746,5.87,5.60,2513,1.383,1.339
金标准,test_88_D_r0c1,0.1439,8.28,8.00,3267,4.670,1.480
金标准,test_88_D_r1c0,0.0463,5.98,6.00,1471,2.146,1.320
金标准,test_88_D_r1c1,0.1217,9.25,9.99,2493,3.578,1.482
金标准,test_89_D_r0c0,0.0846,5.59,4.39,2888,3.523,1.355
金标准,test_89_D_r0c1,0.1249,8.08,8.00,2968,3.104,1.430
金标准,test_89_D_r1c0,0.0873,5.42,4.39,3230,4.251,1.363
金标准,test_89_D_r1c1,0.1065,7.56,7.19,2659,3.626,1.399
金标准,test_8_A_r0c0,0.1276,5.36,4.39,4503,7.644,1.460
金标准,test_8_A_r0c1,0.0567,4.02,4.00,2782,3.677,1.275
金标准,test_8_A_r1c0,0.0936,5.44,4.39,3194,3.376,1.362
金标准,test_8_A_r1c1,0.0700,5.39,5.60,2536,4.650,1.357
金标准,test_90_D_r0c0,0.1385,7.76,7.19,3298,3.564,1.465
金标准,test_90_D_r0c1,0.0504,5.62,4.39,1662,3.421,1.328
金标准,test_90_D_r1c0,0.1124,7.45,7.19,3009,4.772,1.455
金标准,test_90_D_r1c1,0.0609,7.02,7.19,1688,2.497,1.391
金标准,test_91_D_r0c0,0.0848,7.02,6.39,2279,3.990,1.443
金标准,test_91_D_r0c1,0.1292,9.50,8.79,2568,4.299,1.476
金标准,test_91_D_r1c0,0.0628,6.43,6.00,1911,4.136,1.379
金标准,test_91_D_r1c1,0.1378,8.32,8.00,3221,5.184,1.475
金标准,test_92_D_r0c0,0.0530,6.06,5.60,1623,3.639,1.324
金标准,test_92_D_r0c1,0.1408,7.47,8.00,3530,5.882,1.474
金标准,test_92_D_r1c0,0.0502,5.05,4.39,1939,2.825,1.312
金标准,test_92_D_r1c1,0.1370,7.64,8.00,3449,5.776,1.482
金标准,test_93_D_r0c0,0.1378,8.91,8.00,2979,4.436,1.518
金标准,test_93_D_r0c1,0.0684,6.53,6.00,2013,3.640,1.357
金标准,test_93_D_r1c0,0.1122,8.47,8.00,2576,3.411,1.458
金标准,test_93_D_r1c1,0.0630,5.46,4.39,2245,3.588,1.333
金标准,test_94_D_r0c0,0.1498,8.47,8.00,3440,5.255,1.545
金标准,test_94_D_r0c1,0.0669,7.13,7.19,1769,2.758,1.369
金标准,test_94_D_r1c0,0.0627,6.63,5.60,1797,1.781,1.369
金标准,test_94_D_r1c1,0.0008,2.85,2.80,61,1.214,0.920
金标准,test_95_D_r0c0,0.1139,9.39,8.79,2285,3.544,1.490
金标准,test_95_D_r0c1,0.0197,5.02,4.39,736,1.307,1.252
金标准,test_95_D_r1c0,0.0320,6.88,6.39,878,1.125,1.295
金标准,test_95_D_r1c1,0.0048,5.12,5.60,184,0.996,1.216
金标准,test_96_D_r0c0,0.0850,6.22,4.39,2623,3.572,1.361
金标准,test_96_D_r0c1,0.1432,7.38,6.00,3758,5.043,1.463
金标准,test_96_D_r1c0,0.0605,4.88,4.39,2362,2.963,1.262
金标准,test_96_D_r1c1,0.1135,7.67,7.19,2786,4.428,1.426
金标准,test_97_D_r0c0,0.0826,8.63,8.79,1775,2.080,1.408
金标准,test_97_D_r0c1,0.1366,9.21,8.79,2674,3.190,1.471
金标准,test_97_D_r1c0,0.0539,6.15,5.60,1764,2.866,1.354
金标准,test_97_D_r1c1,0.1125,8.79,8.79,2438,2.885,1.467
金标准,test_98_D_r0c0,0.0676,6.06,4.39,2112,3.556,1.334
金标准,test_98_D_r0c1,0.1492,8.11,8.00,3462,4.340,1.475
金标准,test_98_D_r1c0,0.0707,7.20,7.19,1890,2.789,1.363
金标准,test_98_D_r1c1,0.1206,8.76,8.79,2546,3.970,1.439
金标准,test_99_D_r0c0,0.1456,8.20,8.00,3372,4.642,1.474
金标准,test_99_D_r0c1,0.0901,6.33,5.60,2734,4.094,1.377
金标准,test_99_D_r1c0,0.1138,7.45,7.19,2970,3.381,1.409
金标准,test_99_D_r1c1,0.0628,5.34,4.39,2313,2.690,1.297
金标准,test_9_A_r0c0,0.1485,7.17,7.19,3835,5.674,1.475
金标准,test_9_A_r0c1,0.0869,5.51,4.39,2939,3.938,1.325
金标准,test_9_A_r1c0,0.1366,6.99,7.19,3598,3.379,1.450
金标准,test_9_A_r1c1,0.0951,5.29,4.39,3495,5.282,1.357
基线U-Net,test_100_D_r0c0,0.1418,8.09,8.00,3297,5.406,1.488
基线U-Net,test_100_D_r0c1,0.0422,5.82,5.60,1350,1.239,1.276
基线U-Net,test_100_D_r1c0,0.1013,7.97,8.00,2397,3.996,1.445
基线U-Net,test_100_D_r1c1,0.0943,7.13,6.39,2569,4.334,1.393
基线U-Net,test_101_G_r0c0,0.0459,5.73,4.39,1525,1.904,1.278
基线U-Net,test_101_G_r0c1,0.0540,6.56,6.39,1475,1.768,1.316
基线U-Net,test_101_G_r1c0,0.0320,5.36,5.60,1150,1.692,1.211
基线U-Net,test_101_G_r1c1,0.0481,6.53,6.00,1407,2.770,1.349
基线U-Net,test_102_G_r0c0,0.0614,6.33,6.00,1948,3.792,1.396
基线U-Net,test_102_G_r0c1,0.0676,6.14,6.00,2004,2.005,1.373
基线U-Net,test_102_G_r1c0,0.0413,7.08,8.00,1157,1.348,1.315
基线U-Net,test_102_G_r1c1,0.0778,6.76,7.19,2036,2.956,1.367
基线U-Net,test_103_G_r0c0,0.1256,9.82,10.00,2400,2.526,1.487
基线U-Net,test_103_G_r0c1,0.0659,7.98,7.19,1520,2.589,1.383
基线U-Net,test_103_G_r1c0,0.0976,9.07,9.99,2041,1.739,1.412
基线U-Net,test_103_G_r1c1,0.0678,8.05,8.39,1601,2.340,1.376
基线U-Net,test_104_G_r0c0,0.0955,5.93,5.60,3074,2.275,1.388
基线U-Net,test_104_G_r0c1,0.0845,5.73,4.39,2767,4.169,1.340
基线U-Net,test_104_G_r1c0,0.0773,5.70,5.60,2649,3.319,1.362
基线U-Net,test_104_G_r1c1,0.0649,5.04,4.39,2511,3.505,1.317
基线U-Net,test_105_G_r0c0,0.1530,8.24,8.00,3680,4.302,1.494
基线U-Net,test_105_G_r0c1,0.0674,6.14,6.00,2049,2.218,1.345
基线U-Net,test_105_G_r1c0,0.1344,7.90,8.00,3311,4.931,1.458
基线U-Net,test_105_G_r1c1,0.0685,5.63,5.60,2333,3.662,1.315
基线U-Net,test_106_G_r0c0,0.1416,9.63,10.00,2874,3.331,1.511
基线U-Net,test_106_G_r0c1,0.0901,6.42,6.00,2532,3.610,1.358
基线U-Net,test_106_G_r1c0,0.1481,8.43,8.79,3383,4.813,1.472
基线U-Net,test_106_G_r1c1,0.0929,6.49,6.00,2707,4.374,1.372
基线U-Net,test_107_G_r0c0,0.1556,7.81,8.00,3852,6.194,1.488
基线U-Net,test_107_G_r0c1,0.0930,5.79,5.60,3011,3.069,1.345
基线U-Net,test_107_G_r1c0,0.1355,7.01,6.00,3689,4.049,1.443
基线U-Net,test_107_G_r1c1,0.1189,6.25,5.60,3592,4.557,1.402
基线U-Net,test_108_G_r0c0,0.0306,9.25,9.99,614,2.140,1.404
基线U-Net,test_108_G_r0c1,0.0369,6.94,6.00,926,1.132,1.329
基线U-Net,test_108_G_r1c0,0.0059,4.53,4.39,254,0.945,1.084
基线U-Net,test_108_G_r1c1,0.0456,6.55,6.39,1288,1.627,1.323
基线U-Net,test_109_G_r0c0,0.0884,5.90,5.60,2765,4.051,1.368
基线U-Net,test_109_G_r0c1,0.1480,7.86,7.19,3539,4.822,1.459
基线U-Net,test_109_G_r1c0,0.0771,5.86,5.60,2581,3.767,1.342
基线U-Net,test_109_G_r1c1,0.1263,7.38,7.19,3214,4.374,1.429
基线U-Net,test_10_A_r0c0,0.0610,6.83,6.00,1679,2.624,1.380
基线U-Net,test_10_A_r0c1,0.1423,8.43,8.39,3128,5.018,1.468
基线U-Net,test_10_A_r1c0,0.0634,6.24,6.00,2037,2.722,1.327
基线U-Net,test_10_A_r1c1,0.0921,8.22,8.79,2074,2.567,1.407
基线U-Net,test_110_G_r0c0,0.1194,7.70,7.19,2997,5.269,1.450
基线U-Net,test_110_G_r0c1,0.0716,5.10,4.39,2631,3.271,1.279
基线U-Net,test_110_G_r1c0,0.1191,7.14,6.39,3125,4.043,1.429
基线U-Net,test_110_G_r1c1,0.0836,5.98,6.00,2649,2.427,1.350
基线U-Net,test_111_G_r0c0,0.1173,8.46,8.39,2638,4.465,1.446
基线U-Net,test_111_G_r0c1,0.0462,5.77,5.60,1527,2.719,1.342
基线U-Net,test_111_G_r1c0,0.0990,8.49,8.39,2295,3.265,1.467
基线U-Net,test_111_G_r1c1,0.0366,6.16,5.60,1136,1.808,1.300
基线U-Net,test_112_G_r0c0,0.0814,6.32,6.00,2513,4.061,1.397
基线U-Net,test_112_G_r0c1,0.1016,8.91,8.79,2061,3.619,1.438
基线U-Net,test_112_G_r1c0,0.0640,6.17,6.00,2066,2.228,1.290
基线U-Net,test_112_G_r1c1,0.1515,8.16,8.00,3492,5.094,1.475
基线U-Net,test_113_G_r0c0,0.0049,4.78,4.39,182,0.894,1.057
基线U-Net,test_113_G_r0c1,0.0371,7.41,6.00,964,1.783,1.348
基线U-Net,test_113_G_r1c0,0.0000,0.00,0.00,0,0.000,nan
基线U-Net,test_113_G_r1c1,0.0252,5.58,4.39,767,1.349,1.239
基线U-Net,test_114_G_r0c0,0.0159,7.56,6.39,396,1.297,1.318
基线U-Net,test_114_G_r0c1,0.0242,8.02,8.00,539,1.589,1.353
基线U-Net,test_114_G_r1c0,0.0039,4.78,4.39,125,0.953,1.172
基线U-Net,test_114_G_r1c1,0.0257,5.29,4.39,881,0.985,1.209
基线U-Net,test_115_G_r0c0,0.0572,5.17,4.39,2172,2.512,1.277
基线U-Net,test_115_G_r0c1,0.1265,7.45,6.39,3255,4.419,1.438
基线U-Net,test_115_G_r1c0,0.0947,6.27,6.00,3039,4.479,1.388
基线U-Net,test_115_G_r1c1,0.1113,7.40,6.39,2829,3.081,1.403
基线U-Net,test_116_G_r0c0,0.1221,8.16,7.19,2926,4.246,1.487
基线U-Net,test_116_G_r0c1,0.0456,6.85,6.39,1216,2.377,1.323
基线U-Net,test_116_G_r1c0,0.0656,7.75,8.00,1641,2.702,1.404
基线U-Net,test_116_G_r1c1,0.0444,6.68,7.19,1228,2.268,1.312
基线U-Net,test_117_G_r0c0,0.0670,5.37,4.39,2463,3.391,1.320
基线U-Net,test_117_G_r0c1,0.1105,7.08,6.00,2910,3.437,1.411
基线U-Net,test_117_G_r1c0,0.0690,5.52,5.60,2397,4.474,1.348
基线U-Net,test_117_G_r1c1,0.1020,7.20,6.00,2653,3.057,1.416
基线U-Net,test_118_G_r0c0,0.1463,7.36,6.00,3916,4.699,1.483
基线U-Net,test_118_G_r0c1,0.0939,5.99,4.39,3005,3.774,1.336
基线U-Net,test_118_G_r1c0,0.1425,7.91,8.00,3434,3.547,1.443
基线U-Net,test_118_G_r1c1,0.0931,5.88,5.60,3091,4.562,1.360
基线U-Net,test_119_G_r0c0,0.0119,5.28,4.00,427,1.212,1.162
基线U-Net,test_119_G_r0c1,0.0080,4.29,4.00,331,0.973,1.101
基线U-Net,test_119_G_r1c0,0.0487,8.85,8.39,1139,2.098,1.412
基线U-Net,test_119_G_r1c1,0.0003,2.02,2.00,34,1.131,0.590
基线U-Net,test_11_A_r0c0,0.0961,6.94,7.19,2656,3.097,1.389
基线U-Net,test_11_A_r0c1,0.1008,9.42,8.79,1978,2.166,1.464
基线U-Net,test_11_A_r1c0,0.0572,6.25,6.00,1761,2.545,1.326
基线U-Net,test_11_A_r1c1,0.1250,8.09,7.19,2953,3.529,1.471
基线U-Net,test_120_G_r0c0,0.0668,6.27,5.60,1966,2.797,1.334
基线U-Net,test_120_G_r0c1,0.1423,8.32,8.39,3165,4.711,1.456
基线U-Net,test_120_G_r1c0,0.0879,7.18,6.39,2331,3.761,1.409
基线U-Net,test_120_G_r1c1,0.1200,6.85,6.00,3236,4.282,1.416
基线U-Net,test_121_G_r0c0,0.0108,6.00,6.39,362,1.093,1.189
基线U-Net,test_121_G_r0c1,0.0448,7.30,7.19,1106,1.128,1.368
基线U-Net,test_121_G_r1c0,0.0343,6.46,6.00,991,1.310,1.307
基线U-Net,test_121_G_r1c1,0.0373,7.39,7.19,888,0.929,1.329
基线U-Net,test_122_G_r0c0,0.0051,4.91,5.60,197,1.089,1.075
基线U-Net,test_122_G_r0c1,0.0000,0.00,0.00,0,0.000,nan
基线U-Net,test_122_G_r1c0,0.0003,2.37,2.00,25,1.102,0.754
基线U-Net,test_122_G_r1c1,0.0000,0.00,0.00,0,0.000,nan
基线U-Net,test_123_G_r0c0,0.0003,2.30,2.00,21,0.927,0.715
基线U-Net,test_123_G_r0c1,0.0072,4.19,4.00,303,1.010,1.148
基线U-Net,test_123_G_r1c0,0.0000,2.00,2.00,4,1.265,0.143
基线U-Net,test_123_G_r1c1,0.0000,0.00,0.00,0,0.000,nan
基线U-Net,test_124_G_r0c0,0.1100,8.44,8.00,2583,4.076,1.471
基线U-Net,test_124_G_r0c1,0.0787,8.42,8.39,1684,2.117,1.425
基线U-Net,test_124_G_r1c0,0.0657,8.90,8.40,1350,1.050,1.393
基线U-Net,test_124_G_r1c1,0.0549,7.40,7.19,1384,2.209,1.370
基线U-Net,test_125_G_r0c0,0.1612,9.45,8.79,3276,5.105,1.492
基线U-Net,test_125_G_r0c1,0.0789,6.36,5.60,2264,3.231,1.326
基线U-Net,test_125_G_r1c0,0.1187,8.53,8.00,2643,2.878,1.439
基线U-Net,test_125_G_r1c1,0.0726,6.84,6.00,2141,3.929,1.364
基线U-Net,test_126_G_r0c0,0.0629,5.55,5.60,2162,3.273,1.304
基线U-Net,test_126_G_r0c1,0.0858,6.45,6.00,2513,3.106,1.366
基线U-Net,test_126_G_r1c0,0.0585,5.79,4.39,2048,3.233,1.298
基线U-Net,test_126_G_r1c1,0.0776,6.93,7.19,2029,2.088,1.386
基线U-Net,test_127_G_r0c0,0.0881,6.16,4.39,2633,2.509,1.390
基线U-Net,test_127_G_r0c1,0.0427,5.77,5.60,1380,1.966,1.263
基线U-Net,test_127_G_r1c0,0.0603,6.87,6.39,1611,1.858,1.363
基线U-Net,test_127_G_r1c1,0.0544,5.62,5.60,1884,2.502,1.295
基线U-Net,test_128_G_r0c0,0.1070,7.52,8.00,2737,3.632,1.417
基线U-Net,test_128_G_r0c1,0.0682,6.87,6.39,1923,2.465,1.355
基线U-Net,test_128_G_r1c0,0.0752,7.09,7.19,1987,2.766,1.387
基线U-Net,test_128_G_r1c1,0.0774,6.37,6.00,2431,3.394,1.346
基线U-Net,test_129_G_r0c0,0.0518,5.74,5.60,1733,1.469,1.307
基线U-Net,test_129_G_r0c1,0.0757,7.16,7.19,1858,3.017,1.418
基线U-Net,test_129_G_r1c0,0.0387,4.62,4.00,1709,3.241,1.287
基线U-Net,test_129_G_r1c1,0.0929,7.46,7.19,2505,3.638,1.433
基线U-Net,test_12_A_r0c0,0.0950,5.95,5.60,3078,4.699,1.382
基线U-Net,test_12_A_r0c1,0.1365,8.49,8.00,3074,5.081,1.458
基线U-Net,test_12_A_r1c0,0.0869,7.07,6.00,2369,3.128,1.364
基线U-Net,test_12_A_r1c1,0.1236,8.62,8.00,2722,4.298,1.446
基线U-Net,test_130_G_r0c0,0.1295,7.74,6.39,3184,3.112,1.463
基线U-Net,test_130_G_r0c1,0.0661,5.83,5.60,2128,4.341,1.336
基线U-Net,test_130_G_r1c0,0.1062,6.72,6.00,3075,4.469,1.426
基线U-Net,test_130_G_r1c1,0.0960,6.54,6.00,2891,3.910,1.364
基线U-Net,test_131_G_r0c0,0.1484,7.68,8.00,3614,5.145,1.479
基线U-Net,test_131_G_r0c1,0.0900,6.12,5.60,2790,4.116,1.354
基线U-Net,test_131_G_r1c0,0.1207,7.17,7.19,3198,3.654,1.436
基线U-Net,test_131_G_r1c1,0.0876,5.83,5.60,3048,4.522,1.349
基线U-Net,test_132_G_r0c0,0.0772,7.49,7.19,1834,1.733,1.371
基线U-Net,test_132_G_r0c1,0.0897,5.64,5.60,3027,4.924,1.340
基线U-Net,test_132_G_r1c0,0.0952,6.47,5.60,2931,2.360,1.373
基线U-Net,test_132_G_r1c1,0.0559,5.06,4.39,2193,2.797,1.287
基线U-Net,test_133_G_r0c0,0.0394,7.61,8.00,906,1.221,1.393
基线U-Net,test_133_G_r0c1,0.0433,8.75,8.00,958,2.019,1.466
基线U-Net,test_133_G_r1c0,0.0024,4.47,4.39,68,0.894,1.079
基线U-Net,test_133_G_r1c1,0.0228,8.73,8.00,514,1.529,1.465
基线U-Net,test_134_G_r0c0,0.0710,6.40,6.00,2019,2.482,1.370
基线U-Net,test_134_G_r0c1,0.1424,7.64,7.19,3555,5.454,1.467
基线U-Net,test_134_G_r1c0,0.1078,6.38,6.00,3374,4.690,1.401
基线U-Net,test_134_G_r1c1,0.0841,6.70,6.00,2338,2.010,1.391
基线U-Net,test_135_G_r0c0,0.0275,6.61,6.00,721,1.639,1.281
基线U-Net,test_135_G_r0c1,0.0896,8.03,7.19,2051,3.067,1.412
基线U-Net,test_135_G_r1c0,0.0422,6.18,6.00,1291,1.119,1.267
基线U-Net,test_135_G_r1c1,0.0522,9.71,10.39,1015,1.820,1.398
基线U-Net,test_136_G_r0c0,0.0359,6.69,6.00,980,1.465,1.333
基线U-Net,test_136_G_r0c1,0.0007,3.19,4.00,49,1.097,0.739
基线U-Net,test_136_G_r1c0,0.0250,7.32,6.00,690,1.545,1.314
基线U-Net,test_136_G_r1c1,0.0005,2.52,2.00,52,1.050,0.764
基线U-Net,test_137_G_r0c0,0.0142,7.83,8.00,337,1.456,1.397
基线U-Net,test_137_G_r0c1,0.0220,7.94,7.19,491,1.127,1.333
基线U-Net,test_137_G_r1c0,0.0017,4.19,4.39,72,0.914,1.119
基线U-Net,test_137_G_r1c1,0.0599,8.64,8.40,1383,1.751,1.399
基线U-Net,test_138_G_r0c0,0.0168,5.66,6.00,564,1.266,1.204
基线U-Net,test_138_G_r0c1,0.0404,8.95,9.99,813,1.372,1.398
基线U-Net,test_138_G_r1c0,0.0004,2.06,2.00,54,1.059,0.830
基线U-Net,test_138_G_r1c1,0.0170,6.53,6.39,497,1.258,1.281
基线U-Net,test_139_G_r0c0,0.0949,6.25,6.00,2897,3.801,1.370
基线U-Net,test_139_G_r0c1,0.1642,8.43,8.39,3666,4.757,1.502
基线U-Net,test_139_G_r1c0,0.1043,5.93,4.39,3491,5.220,1.376
基线U-Net,test_139_G_r1c1,0.1517,7.93,7.19,3676,5.587,1.451
基线U-Net,test_13_A_r0c0,0.1441,9.25,9.99,2958,4.335,1.501
基线U-Net,test_13_A_r0c1,0.0908,6.63,5.60,2584,3.326,1.347
基线U-Net,test_13_A_r1c0,0.1381,7.39,6.39,3601,5.235,1.464
基线U-Net,test_13_A_r1c1,0.0739,6.25,6.00,2287,3.822,1.359
基线U-Net,test_140_G_r0c0,0.0775,6.17,6.00,2360,2.256,1.367
基线U-Net,test_140_G_r0c1,0.0528,5.31,5.60,1781,2.131,1.260
基线U-Net,test_140_G_r1c0,0.0750,6.78,6.39,2187,2.829,1.384
基线U-Net,test_140_G_r1c1,0.0542,5.12,5.60,2017,2.932,1.294
基线U-Net,test_141_G_r0c0,0.0692,5.95,5.60,2249,3.873,1.343
基线U-Net,test_141_G_r0c1,0.1348,6.90,6.00,3583,5.549,1.462
基线U-Net,test_141_G_r1c0,0.0757,5.66,4.39,2620,3.780,1.347
基线U-Net,test_141_G_r1c1,0.1105,6.54,5.60,3212,3.879,1.413
基线U-Net,test_142_G_r0c0,0.1609,7.45,7.19,4121,6.776,1.486
基线U-Net,test_142_G_r0c1,0.0990,5.91,5.60,3233,2.576,1.335
基线U-Net,test_142_G_r1c0,0.1341,7.44,6.39,3513,4.669,1.467
基线U-Net,test_142_G_r1c1,0.1031,5.68,4.39,3576,5.746,1.368
基线U-Net,test_143_G_r0c0,0.1585,8.13,8.00,3738,5.704,1.476
基线U-Net,test_143_G_r0c1,0.0989,6.15,6.00,3043,3.772,1.374
基线U-Net,test_143_G_r1c0,0.1441,8.00,8.00,3424,5.114,1.468
基线U-Net,test_143_G_r1c1,0.1092,6.11,5.60,3435,3.842,1.385
基线U-Net,test_144_G_r0c0,0.0270,5.68,5.60,869,1.592,1.275
基线U-Net,test_144_G_r0c1,0.0750,6.63,6.00,2121,3.183,1.382
基线U-Net,test_144_G_r1c0,0.0156,4.33,4.00,713,0.990,1.201
基线U-Net,test_144_G_r1c1,0.0612,5.64,5.60,2066,2.044,1.330
基线U-Net,test_145_G_r0c0,0.0692,7.19,6.00,1753,2.366,1.402
基线U-Net,test_145_G_r0c1,0.0043,4.79,4.39,160,0.937,1.087
基线U-Net,test_145_G_r1c0,0.0502,6.26,6.00,1553,1.535,1.354
基线U-Net,test_145_G_r1c1,0.0196,5.00,4.00,767,1.547,1.275
基线U-Net,test_146_G_r0c0,0.1568,7.60,6.39,3827,5.446,1.472
基线U-Net,test_146_G_r0c1,0.0858,5.90,5.60,2771,3.531,1.334
基线U-Net,test_146_G_r1c0,0.1440,7.28,6.00,3873,5.418,1.454
基线U-Net,test_146_G_r1c1,0.0836,5.83,4.39,2880,4.602,1.362
基线U-Net,test_147_G_r0c0,0.1144,7.26,5.60,3050,4.179,1.428
基线U-Net,test_147_G_r0c1,0.0717,6.27,5.60,2232,2.971,1.347
基线U-Net,test_147_G_r1c0,0.1117,7.32,6.00,2887,4.367,1.458
基线U-Net,test_147_G_r1c1,0.0479,5.97,5.60,1503,1.023,1.295
基线U-Net,test_148_G_r0c0,0.0630,6.38,5.60,1905,3.670,1.377
基线U-Net,test_148_G_r0c1,0.0683,6.56,6.00,1875,1.744,1.353
基线U-Net,test_148_G_r1c0,0.0048,4.97,6.00,168,1.123,1.192
基线U-Net,test_148_G_r1c1,0.0433,6.44,6.00,1135,2.108,1.356
基线U-Net,test_149_G_r0c0,0.0492,9.10,8.40,1082,1.977,1.384
基线U-Net,test_149_G_r0c1,0.0084,8.50,8.79,181,0.952,1.345
基线U-Net,test_149_G_r1c0,0.0470,9.07,10.00,970,1.350,1.343
基线U-Net,test_149_G_r1c1,0.0325,6.68,6.00,900,1.282,1.253
基线U-Net,test_14_A_r0c0,0.1577,7.85,7.19,3889,6.051,1.481
基线U-Net,test_14_A_r0c1,0.0766,5.50,5.60,2616,4.013,1.325
基线U-Net,test_14_A_r1c0,0.1132,7.99,7.19,2620,2.916,1.413
基线U-Net,test_14_A_r1c1,0.0797,6.13,5.60,2535,3.461,1.333
基线U-Net,test_150_G_r0c0,0.0825,5.86,5.60,2708,4.050,1.356
基线U-Net,test_150_G_r0c1,0.1282,6.94,6.00,3591,5.077,1.454
基线U-Net,test_150_G_r1c0,0.0873,6.20,5.60,2661,3.656,1.363
基线U-Net,test_150_G_r1c1,0.1106,7.09,7.19,2986,4.376,1.408
基线U-Net,test_151_N_r0c0,0.1093,7.10,6.00,3100,3.396,1.415
基线U-Net,test_151_N_r0c1,0.1367,8.44,8.39,3034,4.107,1.474
基线U-Net,test_151_N_r1c0,0.0919,7.00,6.00,2600,3.256,1.389
基线U-Net,test_151_N_r1c1,0.1478,7.98,8.00,3484,4.411,1.449
基线U-Net,test_152_N_r0c0,0.1590,8.88,8.39,3589,5.313,1.502
基线U-Net,test_152_N_r0c1,0.0901,6.58,6.00,2610,3.851,1.384
基线U-Net,test_152_N_r1c0,0.1447,8.01,7.19,3441,3.649,1.479
基线U-Net,test_152_N_r1c1,0.0850,6.22,5.60,2625,3.883,1.357
基线U-Net,test_153_N_r0c0,0.0201,4.53,4.00,861,0.999,1.149
基线U-Net,test_153_N_r0c1,0.0800,9.12,8.79,1564,2.271,1.398
基线U-Net,test_153_N_r1c0,0.0437,7.56,7.19,1129,1.834,1.319
基线U-Net,test_153_N_r1c1,0.1172,8.84,8.39,2406,1.652,1.453
基线U-Net,test_154_N_r0c0,0.1261,10.05,9.99,2406,3.772,1.534
基线U-Net,test_154_N_r0c1,0.0200,5.23,4.39,687,1.025,1.143
基线U-Net,test_154_N_r1c0,0.0873,9.54,10.00,1726,2.125,1.454
基线U-Net,test_154_N_r1c1,0.0112,4.58,4.00,473,1.046,1.090
基线U-Net,test_155_N_r0c0,0.1100,7.54,6.39,2892,4.315,1.476
基线U-Net,test_155_N_r0c1,0.0327,5.12,5.60,1205,1.438,1.229
基线U-Net,test_155_N_r1c0,0.0930,7.53,7.19,2248,2.137,1.418
基线U-Net,test_155_N_r1c1,0.0407,5.88,4.39,1249,1.173,1.284
基线U-Net,test_156_N_r0c0,0.0383,5.83,6.00,1265,1.098,1.293
基线U-Net,test_156_N_r0c1,0.1048,7.39,7.19,2700,4.455,1.465
基线U-Net,test_156_N_r1c0,0.0655,6.53,6.00,1931,3.391,1.341
基线U-Net,test_156_N_r1c1,0.1012,7.71,8.00,2445,3.312,1.458
基线U-Net,test_157_N_r0c0,0.1622,7.68,7.19,4285,5.209,1.499
基线U-Net,test_157_N_r0c1,0.0913,6.34,6.00,2676,3.887,1.362
基线U-Net,test_157_N_r1c0,0.1193,6.97,6.00,3241,3.212,1.443
基线U-Net,test_157_N_r1c1,0.0814,5.30,4.39,2870,4.096,1.343
基线U-Net,test_158_N_r0c0,0.0592,6.21,6.00,1829,1.582,1.348
基线U-Net,test_158_N_r0c1,0.1596,8.35,8.00,3691,5.652,1.470
基线U-Net,test_158_N_r1c0,0.0825,6.70,6.00,2374,3.565,1.348
基线U-Net,test_158_N_r1c1,0.1466,7.46,6.39,3768,5.406,1.490
基线U-Net,test_159_N_r0c0,0.0829,6.68,6.00,2412,3.130,1.353
基线U-Net,test_159_N_r0c1,0.1620,7.91,7.19,3839,5.554,1.491
基线U-Net,test_159_N_r1c0,0.0728,5.94,5.60,2425,1.890,1.326
基线U-Net,test_159_N_r1c1,0.1469,7.70,8.39,3475,5.523,1.466
基线U-Net,test_15_A_r0c0,0.1559,7.95,8.00,3778,5.369,1.484
基线U-Net,test_15_A_r0c1,0.0735,5.48,5.60,2496,3.926,1.331
基线U-Net,test_15_A_r1c0,0.1081,8.15,7.19,2437,2.527,1.408
基线U-Net,test_15_A_r1c1,0.0771,6.36,6.00,2376,3.395,1.357
基线U-Net,test_160_N_r0c0,0.1744,8.26,8.00,4188,6.256,1.509
基线U-Net,test_160_N_r0c1,0.0780,6.07,5.60,2374,1.998,1.331
基线U-Net,test_160_N_r1c0,0.1312,7.24,6.39,3494,5.372,1.448
基线U-Net,test_160_N_r1c1,0.0917,6.30,5.60,2816,4.305,1.366
基线U-Net,test_161_N_r0c0,0.0717,6.23,6.00,2238,2.488,1.339
基线U-Net,test_161_N_r0c1,0.1456,8.57,8.39,3258,4.189,1.478
基线U-Net,test_161_N_r1c0,0.0780,6.42,6.00,2418,3.659,1.355
基线U-Net,test_161_N_r1c1,0.1293,8.00,8.00,3031,3.865,1.434
基线U-Net,test_162_N_r0c0,0.1490,8.00,7.19,3613,4.943,1.492
基线U-Net,test_162_N_r0c1,0.0584,6.20,5.60,1853,2.168,1.338
基线U-Net,test_162_N_r1c0,0.1218,7.38,7.19,3201,2.969,1.445
基线U-Net,test_162_N_r1c1,0.0872,5.71,4.39,2999,3.468,1.348
基线U-Net,test_163_N_r0c0,0.1183,7.02,6.39,3148,4.878,1.443
基线U-Net,test_163_N_r0c1,0.0542,5.73,5.60,1769,2.225,1.305
基线U-Net,test_163_N_r1c0,0.1135,7.59,8.00,2893,4.355,1.451
基线U-Net,test_163_N_r1c1,0.0710,6.67,6.00,2045,2.926,1.347
基线U-Net,test_164_N_r0c0,0.0712,5.59,5.60,2445,3.703,1.330
基线U-Net,test_164_N_r0c1,0.1085,7.59,7.19,2585,4.368,1.430
基线U-Net,test_164_N_r1c0,0.0512,5.25,5.60,1956,2.185,1.261
基线U-Net,test_164_N_r1c1,0.1379,7.90,8.00,3348,3.614,1.453
基线U-Net,test_165_N_r0c0,0.1730,8.96,8.39,3860,5.765,1.505
基线U-Net,test_165_N_r0c1,0.1056,6.77,6.00,2948,2.839,1.372
基线U-Net,test_165_N_r1c0,0.1376,7.55,6.39,3571,4.261,1.443
基线U-Net,test_165_N_r1c1,0.0896,5.87,4.39,2904,3.384,1.344
基线U-Net,test_166_N_r0c0,0.0929,6.58,4.39,2756,3.163,1.377
基线U-Net,test_166_N_r0c1,0.1541,8.37,8.79,3385,4.937,1.483
基线U-Net,test_166_N_r1c0,0.0852,6.81,6.00,2475,3.596,1.375
基线U-Net,test_166_N_r1c1,0.1333,7.14,6.00,3588,5.007,1.431
基线U-Net,test_167_N_r0c0,0.1459,8.49,8.20,3270,4.080,1.505
基线U-Net,test_167_N_r0c1,0.0878,7.37,6.00,2286,2.334,1.357
基线U-Net,test_167_N_r1c0,0.1034,8.13,8.00,2410,3.200,1.417
基线U-Net,test_167_N_r1c1,0.0363,4.45,4.00,1495,1.352,1.175
基线U-Net,test_168_N_r0c0,0.0580,5.22,4.39,2133,2.332,1.273
基线U-Net,test_168_N_r0c1,0.1363,8.22,8.39,3014,3.839,1.466
基线U-Net,test_168_N_r1c0,0.0349,4.56,4.00,1457,1.013,1.168
基线U-Net,test_168_N_r1c1,0.1149,7.35,6.39,2992,3.451,1.435
基线U-Net,test_169_N_r0c0,0.0929,7.38,8.00,2432,2.371,1.406
基线U-Net,test_169_N_r0c1,0.1635,8.57,8.39,3518,5.276,1.483
基线U-Net,test_169_N_r1c0,0.0770,6.63,6.39,2295,3.815,1.368
基线U-Net,test_169_N_r1c1,0.1250,7.46,8.00,3142,5.391,1.456
基线U-Net,test_16_A_r0c0,0.1362,8.75,8.79,2882,2.719,1.465
基线U-Net,test_16_A_r0c1,0.0935,7.68,7.19,2275,2.919,1.402
基线U-Net,test_16_A_r1c0,0.1298,8.42,8.39,2957,3.502,1.451
基线U-Net,test_16_A_r1c1,0.0460,5.27,4.39,1650,1.579,1.258
基线U-Net,test_170_N_r0c0,0.1532,8.19,6.39,3749,5.479,1.494
基线U-Net,test_170_N_r0c1,0.0996,6.70,6.00,2746,3.424,1.361
基线U-Net,test_170_N_r1c0,0.1239,7.71,8.00,3167,4.737,1.452
基线U-Net,test_170_N_r1c1,0.0721,5.96,6.00,2318,4.453,1.318
基线U-Net,test_171_N_r0c0,0.0946,5.86,5.60,3159,4.028,1.366
基线U-Net,test_171_N_r0c1,0.1474,8.06,8.40,3319,4.842,1.456
基线U-Net,test_171_N_r1c0,0.1038,5.85,4.39,3513,5.091,1.380
基线U-Net,test_171_N_r1c1,0.1611,7.60,6.39,3950,5.524,1.457
基线U-Net,test_172_N_r0c0,0.1558,7.68,6.39,3919,6.473,1.503
基线U-Net,test_172_N_r0c1,0.0995,6.05,5.60,3123,3.160,1.369
基线U-Net,test_172_N_r1c0,0.1349,7.36,6.39,3598,6.072,1.464
基线U-Net,test_172_N_r1c1,0.1003,5.97,4.39,3253,4.169,1.379
基线U-Net,test_173_N_r0c0,0.0976,6.89,6.39,2741,3.970,1.390
基线U-Net,test_173_N_r0c1,0.1575,9.20,8.79,3307,5.203,1.489
基线U-Net,test_173_N_r1c0,0.0778,6.09,4.39,2568,2.244,1.329
基线U-Net,test_173_N_r1c1,0.1395,8.69,8.39,3014,2.494,1.461
基线U-Net,test_174_N_r0c0,0.1598,8.23,8.00,3842,5.090,1.516
基线U-Net,test_174_N_r0c1,0.0931,6.09,5.60,2853,2.311,1.337
基线U-Net,test_174_N_r1c0,0.1190,7.65,7.19,2969,2.666,1.478
基线U-Net,test_174_N_r1c1,0.0871,6.55,6.00,2514,2.209,1.339
基线U-Net,test_175_N_r0c0,0.0849,6.04,4.39,2707,5.394,1.337
基线U-Net,test_175_N_r0c1,0.1581,8.79,8.79,3395,3.727,1.511
基线U-Net,test_175_N_r1c0,0.1038,6.42,4.39,3243,2.535,1.378
基线U-Net,test_175_N_r1c1,0.1233,8.84,8.79,2569,3.264,1.451
基线U-Net,test_176_N_r0c0,0.1545,8.85,8.79,3331,4.193,1.499
基线U-Net,test_176_N_r0c1,0.1195,6.37,5.60,3514,4.136,1.417
基线U-Net,test_176_N_r1c0,0.1328,7.65,6.39,3321,3.577,1.446
基线U-Net,test_176_N_r1c1,0.0680,5.33,4.00,2498,2.584,1.306
基线U-Net,test_177_N_r0c0,0.0722,6.24,5.60,2225,2.108,1.352
基线U-Net,test_177_N_r0c1,0.1830,8.52,8.40,3995,3.880,1.524
基线U-Net,test_177_N_r1c0,0.0840,6.77,6.00,2360,2.076,1.332
基线U-Net,test_177_N_r1c1,0.1529,8.53,8.00,3389,3.880,1.463
基线U-Net,test_178_N_r0c0,0.1646,8.51,8.00,3793,4.544,1.520
基线U-Net,test_178_N_r0c1,0.0825,6.33,6.00,2470,2.824,1.345
基线U-Net,test_178_N_r1c0,0.1451,8.44,8.40,3333,4.548,1.469
基线U-Net,test_178_N_r1c1,0.0992,6.85,6.00,2788,2.021,1.385
基线U-Net,test_179_N_r0c0,0.0931,5.82,4.39,3112,4.665,1.355
基线U-Net,test_179_N_r0c1,0.1600,8.81,8.39,3428,4.531,1.482
基线U-Net,test_179_N_r1c0,0.0971,5.95,5.60,3242,4.302,1.380
基线U-Net,test_179_N_r1c1,0.1212,7.25,6.39,3106,4.041,1.424
基线U-Net,test_17_A_r0c0,0.1340,7.70,7.19,3330,5.372,1.454
基线U-Net,test_17_A_r0c1,0.0991,6.65,6.39,2807,3.855,1.369
基线U-Net,test_17_A_r1c0,0.1181,7.91,8.00,2864,2.155,1.465
基线U-Net,test_17_A_r1c1,0.0781,6.36,6.00,2427,4.220,1.374
基线U-Net,test_180_N_r0c0,0.1351,6.95,6.00,3675,4.957,1.453
基线U-Net,test_180_N_r0c1,0.0646,5.43,4.39,2234,3.864,1.310
基线U-Net,test_180_N_r1c0,0.1196,7.43,8.00,3114,4.843,1.424
基线U-Net,test_180_N_r1c1,0.0750,5.39,4.39,2730,2.967,1.324
基线U-Net,test_181_N_r0c0,0.1446,7.95,8.00,3487,3.645,1.477
基线U-Net,test_181_N_r0c1,0.0721,6.79,7.19,1974,2.097,1.339
基线U-Net,test_181_N_r1c0,0.1103,7.92,8.40,2619,3.922,1.451
基线U-Net,test_181_N_r1c1,0.0857,5.63,5.60,2847,3.688,1.348
基线U-Net,test_182_N_r0c0,0.0927,5.70,5.60,3253,5.404,1.360
基线U-Net,test_182_N_r0c1,0.1256,7.35,7.19,3357,3.412,1.437
基线U-Net,test_182_N_r1c0,0.0925,5.67,5.60,3296,4.566,1.358
基线U-Net,test_182_N_r1c1,0.1210,7.11,7.19,3384,5.143,1.450
基线U-Net,test_183_N_r0c0,0.1321,7.56,8.00,3488,4.821,1.463
基线U-Net,test_183_N_r0c1,0.0764,6.70,6.00,2198,3.745,1.350
基线U-Net,test_183_N_r1c0,0.1046,7.48,7.19,2653,2.992,1.439
基线U-Net,test_183_N_r1c1,0.0651,5.26,4.39,2283,4.724,1.327
基线U-Net,test_184_N_r0c0,0.0874,5.82,4.39,2947,4.122,1.352
基线U-Net,test_184_N_r0c1,0.1425,7.26,6.00,3960,5.546,1.474
基线U-Net,test_184_N_r1c0,0.0689,5.07,4.39,2725,2.806,1.306
基线U-Net,test_184_N_r1c1,0.1197,6.94,7.19,3347,4.531,1.444
基线U-Net,test_185_N_r0c0,0.0702,5.47,4.39,2479,2.521,1.307
基线U-Net,test_185_N_r0c1,0.1726,8.72,8.40,3671,4.924,1.500
基线U-Net,test_185_N_r1c0,0.0741,5.95,4.39,2569,3.300,1.347
基线U-Net,test_185_N_r1c1,0.1548,8.01,8.00,3553,4.182,1.473
基线U-Net,test_186_N_r0c0,0.1439,8.24,8.39,3391,4.353,1.487
基线U-Net,test_186_N_r0c1,0.0985,6.76,5.60,2753,3.500,1.376
基线U-Net,test_186_N_r1c0,0.1186,7.48,7.19,2984,3.913,1.427
基线U-Net,test_186_N_r1c1,0.0978,6.62,6.00,2870,3.905,1.385
基线U-Net,test_187_N_r0c0,0.0895,6.07,6.00,2830,3.530,1.370
基线U-Net,test_187_N_r0c1,0.1540,7.77,7.19,3751,5.194,1.470
基线U-Net,test_187_N_r1c0,0.0877,5.87,5.60,2894,2.846,1.326
基线U-Net,test_187_N_r1c1,0.1456,8.00,8.00,3375,3.821,1.448
基线U-Net,test_188_N_r0c0,0.1556,7.53,6.39,4077,5.335,1.485
基线U-Net,test_188_N_r0c1,0.0881,5.14,4.39,3206,2.801,1.317
基线U-Net,test_188_N_r1c0,0.1257,7.33,7.19,3353,3.820,1.424
基线U-Net,test_188_N_r1c1,0.0933,5.34,4.39,3387,3.885,1.344
基线U-Net,test_189_N_r0c0,0.0875,6.16,6.00,2786,4.194,1.350
基线U-Net,test_189_N_r0c1,0.1371,7.66,7.19,3387,3.916,1.441
基线U-Net,test_189_N_r1c0,0.0974,5.51,4.39,3535,3.980,1.347
基线U-Net,test_189_N_r1c1,0.1187,6.95,7.19,3107,2.163,1.396
基线U-Net,test_18_A_r0c0,0.0998,8.49,8.39,2242,3.861,1.448
基线U-Net,test_18_A_r0c1,0.0352,5.99,5.60,1093,1.400,1.261
基线U-Net,test_18_A_r1c0,0.0402,7.66,7.19,978,1.709,1.300
基线U-Net,test_18_A_r1c1,0.0323,6.29,7.19,940,1.077,1.298
基线U-Net,test_190_N_r0c0,0.1298,7.36,7.19,3352,5.218,1.445
基线U-Net,test_190_N_r0c1,0.0949,6.09,4.39,2884,3.238,1.358
基线U-Net,test_190_N_r1c0,0.1523,8.18,7.19,3748,5.579,1.472
基线U-Net,test_190_N_r1c1,0.0657,5.69,4.39,2216,1.973,1.290
基线U-Net,test_191_N_r0c0,0.0835,5.67,4.39,2959,3.873,1.336
基线U-Net,test_191_N_r0c1,0.1440,8.33,8.79,3308,4.435,1.459
基线U-Net,test_191_N_r1c0,0.0716,5.46,4.39,2562,2.265,1.317
基线U-Net,test_191_N_r1c1,0.1127,7.43,7.19,2844,4.267,1.405
基线U-Net,test_192_N_r0c0,0.1546,8.87,8.79,3445,4.761,1.494
基线U-Net,test_192_N_r0c1,0.0881,5.90,4.39,2904,4.657,1.318
基线U-Net,test_192_N_r1c0,0.1134,8.15,8.40,2565,2.163,1.420
基线U-Net,test_192_N_r1c1,0.0649,5.06,4.39,2445,1.530,1.292
基线U-Net,test_193_N_r0c0,0.0951,5.98,5.60,3078,4.653,1.364
基线U-Net,test_193_N_r0c1,0.1591,7.85,7.19,3797,5.312,1.475
基线U-Net,test_193_N_r1c0,0.0841,5.79,4.39,2958,4.459,1.372
基线U-Net,test_193_N_r1c1,0.1508,7.49,8.00,3785,5.310,1.444
基线U-Net,test_194_N_r0c0,0.1588,7.56,7.19,4070,5.007,1.493
基线U-Net,test_194_N_r0c1,0.0766,5.29,4.39,2672,2.674,1.311
基线U-Net,test_194_N_r1c0,0.1473,7.34,6.39,4011,5.644,1.481
基线U-Net,test_194_N_r1c1,0.0946,5.88,5.60,3078,5.597,1.368
基线U-Net,test_195_N_r0c0,0.1020,5.65,5.60,3584,4.747,1.361
基线U-Net,test_195_N_r0c1,0.1789,8.19,8.00,4126,5.751,1.514
基线U-Net,test_195_N_r1c0,0.0737,5.49,4.39,2714,3.255,1.357
基线U-Net,test_195_N_r1c1,0.1417,8.16,8.00,3295,4.403,1.456
基线U-Net,test_196_N_r0c0,0.1595,9.25,8.79,3335,4.529,1.490
基线U-Net,test_196_N_r0c1,0.0767,6.99,7.19,2024,2.159,1.343
基线U-Net,test_196_N_r1c0,0.1516,10.30,10.00,2742,3.575,1.509
基线U-Net,test_196_N_r1c1,0.0813,8.10,8.00,1928,2.116,1.405
基线U-Net,test_197_N_r0c0,0.1680,8.06,8.00,4049,4.363,1.510
基线U-Net,test_197_N_r0c1,0.0677,6.34,6.00,1901,1.891,1.316
基线U-Net,test_197_N_r1c0,0.1272,7.11,6.39,3399,4.549,1.450
基线U-Net,test_197_N_r1c1,0.1074,6.63,6.00,3062,2.773,1.407
基线U-Net,test_198_N_r0c0,0.0935,5.44,4.39,3392,4.661,1.360
基线U-Net,test_198_N_r0c1,0.1509,7.51,8.00,3684,5.358,1.480
基线U-Net,test_198_N_r1c0,0.0901,5.52,5.60,3223,4.711,1.353
基线U-Net,test_198_N_r1c1,0.1489,7.28,6.39,3776,4.497,1.455
基线U-Net,test_199_N_r0c0,0.1720,8.61,8.39,3838,6.051,1.513
基线U-Net,test_199_N_r0c1,0.0925,6.50,6.00,2675,2.628,1.359
基线U-Net,test_199_N_r1c0,0.1490,8.93,8.79,3282,5.018,1.461
基线U-Net,test_199_N_r1c1,0.0840,6.61,5.60,2436,3.397,1.401
基线U-Net,test_19_A_r0c0,0.0726,6.48,6.00,2101,1.720,1.354
基线U-Net,test_19_A_r0c1,0.1312,7.88,8.39,3017,3.763,1.446
基线U-Net,test_19_A_r1c0,0.0092,3.80,4.00,487,1.065,1.077
基线U-Net,test_19_A_r1c1,0.1024,8.60,8.00,2363,4.037,1.456
基线U-Net,test_1_A_r0c0,0.0932,6.80,6.00,2638,4.136,1.379
基线U-Net,test_1_A_r0c1,0.1765,8.27,8.00,3974,6.177,1.520
基线U-Net,test_1_A_r1c0,0.1073,6.96,7.19,2997,4.401,1.403
基线U-Net,test_1_A_r1c1,0.1652,8.00,8.39,3785,5.173,1.500
基线U-Net,test_200_N_r0c0,0.0949,5.97,4.39,3202,3.089,1.370
基线U-Net,test_200_N_r0c1,0.1439,8.42,8.00,3287,3.951,1.477
基线U-Net,test_200_N_r1c0,0.1055,6.26,5.60,3318,3.945,1.409
基线U-Net,test_200_N_r1c1,0.1440,8.80,8.40,3097,4.315,1.472
基线U-Net,test_20_A_r0c0,0.1494,7.65,6.00,3774,5.718,1.477
基线U-Net,test_20_A_r0c1,0.0880,5.93,4.39,2839,3.864,1.355
基线U-Net,test_20_A_r1c0,0.1354,7.09,6.00,3684,5.195,1.448
基线U-Net,test_20_A_r1c1,0.1018,5.98,4.39,3304,5.064,1.356
基线U-Net,test_21_A_r0c0,0.1299,8.05,8.00,3106,4.833,1.484
基线U-Net,test_21_A_r0c1,0.0515,6.32,6.00,1492,2.070,1.301
基线U-Net,test_21_A_r1c0,0.0981,7.68,7.19,2365,2.563,1.412
基线U-Net,test_21_A_r1c1,0.0579,5.98,5.60,1901,2.200,1.295
基线U-Net,test_22_A_r0c0,0.0715,4.96,4.39,2804,3.767,1.297
基线U-Net,test_22_A_r0c1,0.1458,7.09,6.00,3971,3.496,1.440
基线U-Net,test_22_A_r1c0,0.0920,6.24,6.00,2910,4.643,1.365
基线U-Net,test_22_A_r1c1,0.1393,7.36,7.19,3652,4.409,1.446
基线U-Net,test_23_A_r0c0,0.0712,4.93,4.39,2818,3.621,1.292
基线U-Net,test_23_A_r0c1,0.1481,7.19,6.00,3981,3.550,1.449
基线U-Net,test_23_A_r1c0,0.0921,6.22,6.00,2894,4.244,1.355
基线U-Net,test_23_A_r1c1,0.1387,7.45,8.00,3617,4.531,1.439
基线U-Net,test_24_A_r0c0,0.1163,8.26,8.39,2608,3.886,1.461
基线U-Net,test_24_A_r0c1,0.0485,5.96,6.00,1535,2.255,1.294
基线U-Net,test_24_A_r1c0,0.0705,7.61,8.00,1741,2.322,1.356
基线U-Net,test_24_A_r1c1,0.0485,7.19,6.39,1277,2.740,1.362
基线U-Net,test_25_A_r0c0,0.0658,5.35,5.60,2361,3.944,1.320
基线U-Net,test_25_A_r0c1,0.1338,6.77,6.00,3836,6.051,1.464
基线U-Net,test_25_A_r1c0,0.0631,5.90,6.00,2061,3.339,1.309
基线U-Net,test_25_A_r1c1,0.0927,6.97,6.00,2468,3.725,1.420
基线U-Net,test_26_A_r0c0,0.1014,6.42,6.00,3052,4.240,1.395
基线U-Net,test_26_A_r0c1,0.1625,8.53,8.39,3586,5.336,1.499
基线U-Net,test_26_A_r1c0,0.0851,6.24,5.60,2659,4.150,1.336
基线U-Net,test_26_A_r1c1,0.1321,8.14,8.40,3015,4.484,1.426
基线U-Net,test_27_A_r0c0,0.0203,6.32,5.60,584,0.966,1.253
基线U-Net,test_27_A_r0c1,0.1043,9.13,8.39,2041,1.937,1.436
基线U-Net,test_27_A_r1c0,0.0081,10.45,10.79,143,0.987,1.354
基线U-Net,test_27_A_r1c1,0.0660,9.84,10.00,1194,1.093,1.376
基线U-Net,test_28_A_r0c0,0.0402,6.50,6.00,1141,1.991,1.284
基线U-Net,test_28_A_r0c1,0.1532,8.31,8.00,3448,5.375,1.508
基线U-Net,test_28_A_r1c0,0.0833,6.90,7.19,2368,2.761,1.357
基线U-Net,test_28_A_r1c1,0.1132,8.56,8.40,2403,2.513,1.421
基线U-Net,test_29_A_r0c0,0.1458,7.94,8.00,3530,4.577,1.489
基线U-Net,test_29_A_r0c1,0.0492,5.90,6.00,1587,1.629,1.255
基线U-Net,test_29_A_r1c0,0.0832,7.23,6.39,2143,2.150,1.397
基线U-Net,test_29_A_r1c1,0.0927,6.09,5.60,2930,3.809,1.377
基线U-Net,test_2_A_r0c0,0.0952,5.32,4.39,3425,6.322,1.368
基线U-Net,test_2_A_r0c1,0.1352,7.00,6.00,3558,4.827,1.426
基线U-Net,test_2_A_r1c0,0.0982,5.62,4.39,3431,4.484,1.371
基线U-Net,test_2_A_r1c1,0.1337,7.34,7.19,3479,5.141,1.466
基线U-Net,test_30_A_r0c0,0.0950,6.98,7.19,2606,2.769,1.417
基线U-Net,test_30_A_r0c1,0.0153,3.71,4.00,825,1.481,1.162
基线U-Net,test_30_A_r1c0,0.1400,8.02,8.39,3332,5.076,1.448
基线U-Net,test_30_A_r1c1,0.0994,6.11,5.60,3166,4.319,1.378
基线U-Net,test_31_A_r0c0,0.1488,7.69,6.00,3683,4.567,1.467
基线U-Net,test_31_A_r0c1,0.1031,5.80,4.39,3364,4.590,1.354
基线U-Net,test_31_A_r1c0,0.1333,7.55,7.19,3471,5.038,1.459
基线U-Net,test_31_A_r1c1,0.0835,5.99,4.39,2835,3.739,1.353
基线U-Net,test_32_A_r0c0,0.1459,7.43,6.00,3975,5.527,1.468
基线U-Net,test_32_A_r0c1,0.0930,6.05,5.60,2954,4.779,1.366
基线U-Net,test_32_A_r1c0,0.1319,7.36,8.00,3273,5.188,1.428
基线U-Net,test_32_A_r1c1,0.0832,5.75,6.00,2837,4.757,1.335
基线U-Net,test_33_A_r0c0,0.1946,7.51,6.39,5002,6.368,1.540
基线U-Net,test_33_A_r0c1,0.1199,5.71,4.39,4088,5.244,1.384
基线U-Net,test_33_A_r1c0,0.1761,8.03,8.39,4176,5.693,1.499
基线U-Net,test_33_A_r1c1,0.1157,5.58,4.39,4096,3.969,1.385
基线U-Net,test_34_A_r0c0,0.1358,8.97,8.79,2893,3.256,1.473
基线U-Net,test_34_A_r0c1,0.0905,7.74,7.19,2189,4.049,1.412
基线U-Net,test_34_A_r1c0,0.1077,8.92,8.39,2288,3.876,1.474
基线U-Net,test_34_A_r1c1,0.0645,7.12,7.19,1760,2.817,1.339
基线U-Net,test_35_A_r0c0,0.1511,7.63,7.19,3666,5.439,1.477
基线U-Net,test_35_A_r0c1,0.0910,5.50,4.39,3066,3.815,1.319
基线U-Net,test_35_A_r1c0,0.1400,7.47,7.19,3515,3.664,1.456
基线U-Net,test_35_A_r1c1,0.0933,5.36,4.39,3355,4.249,1.351
基线U-Net,test_36_A_r0c0,0.1026,6.28,6.00,3167,2.953,1.399
基线U-Net,test_36_A_r0c1,0.1446,7.93,8.00,3420,4.993,1.483
基线U-Net,test_36_A_r1c0,0.0999,6.12,4.39,3240,4.909,1.387
基线U-Net,test_36_A_r1c1,0.1189,7.56,8.39,2834,4.575,1.422
基线U-Net,test_37_A_r0c0,0.0423,7.63,8.00,989,1.774,1.314
基线U-Net,test_37_A_r0c1,0.0229,7.19,8.00,573,0.943,1.237
基线U-Net,test_37_A_r1c0,0.0449,7.64,7.19,1172,2.302,1.389
基线U-Net,test_37_A_r1c1,0.0651,10.62,10.79,1119,1.500,1.461
基线U-Net,test_38_A_r0c0,0.1105,8.76,8.79,2334,2.318,1.459
基线U-Net,test_38_A_r0c1,0.0913,6.58,6.00,2596,3.884,1.390
基线U-Net,test_38_A_r1c0,0.0854,7.55,7.19,2153,2.727,1.373
基线U-Net,test_38_A_r1c1,0.0473,5.22,5.60,1746,1.615,1.267
基线U-Net,test_39_A_r0c0,0.1259,7.12,6.39,3435,5.041,1.443
基线U-Net,test_39_A_r0c1,0.0809,6.32,6.00,2333,3.435,1.346
基线U-Net,test_39_A_r1c0,0.0991,7.20,7.19,2593,3.184,1.391
基线U-Net,test_39_A_r1c1,0.0675,5.71,4.39,2290,2.994,1.310
基线U-Net,test_3_A_r0c0,0.2012,7.97,7.19,4857,6.702,1.547
基线U-Net,test_3_A_r0c1,0.1130,5.90,5.60,3642,3.836,1.376
基线U-Net,test_3_A_r1c0,0.1855,7.98,8.39,4550,5.251,1.503
基线U-Net,test_3_A_r1c1,0.1159,6.01,5.60,3797,3.491,1.414
基线U-Net,test_40_A_r0c0,0.1217,7.19,6.39,3198,4.997,1.416
基线U-Net,test_40_A_r0c1,0.0666,5.78,5.60,2159,3.360,1.331
基线U-Net,test_40_A_r1c0,0.1040,7.44,7.19,2744,4.092,1.412
基线U-Net,test_40_A_r1c1,0.0531,5.70,6.00,1866,2.239,1.302
基线U-Net,test_41_A_r0c0,0.1459,9.65,9.99,2865,4.185,1.502
基线U-Net,test_41_A_r0c1,0.0420,5.64,5.60,1367,1.512,1.245
基线U-Net,test_41_A_r1c0,0.1222,8.32,8.39,2759,3.442,1.431
基线U-Net,test_41_A_r1c1,0.0767,6.33,6.00,2365,2.410,1.360
基线U-Net,test_42_A_r0c0,0.1033,6.14,5.60,3303,4.844,1.416
基线U-Net,test_42_A_r0c1,0.1267,7.77,7.19,3070,4.531,1.433
基线U-Net,test_42_A_r1c0,0.0534,5.40,4.39,1903,2.359,1.282
基线U-Net,test_42_A_r1c1,0.0987,7.46,7.19,2522,2.696,1.400
基线U-Net,test_43_A_r0c0,0.0763,6.79,6.00,2137,2.496,1.356
基线U-Net,test_43_A_r0c1,0.1035,6.33,6.00,3064,4.869,1.397
基线U-Net,test_43_A_r1c0,0.0513,4.93,4.39,2064,2.937,1.294
基线U-Net,test_43_A_r1c1,0.0901,5.74,4.39,3029,4.588,1.380
基线U-Net,test_44_A_r0c0,0.0946,6.52,6.00,2780,3.046,1.369
基线U-Net,test_44_A_r0c1,0.1645,8.58,8.00,3661,5.703,1.491
基线U-Net,test_44_A_r1c0,0.0886,5.99,4.39,2927,4.219,1.379
基线U-Net,test_44_A_r1c1,0.1445,8.04,8.39,3369,4.335,1.461
基线U-Net,test_45_A_r0c0,0.0665,5.92,5.60,2176,3.179,1.338
基线U-Net,test_45_A_r0c1,0.1276,7.43,6.00,3337,4.267,1.416
基线U-Net,test_45_A_r1c0,0.0476,5.77,5.60,1617,2.124,1.318
基线U-Net,test_45_A_r1c1,0.0718,6.80,6.39,1913,3.163,1.402
基线U-Net,test_46_A_r0c0,0.0933,7.16,7.19,2492,3.870,1.381
基线U-Net,test_46_A_r0c1,0.1344,8.33,8.00,3057,5.726,1.469
基线U-Net,test_46_A_r1c0,0.0424,5.76,4.39,1391,2.165,1.254
基线U-Net,test_46_A_r1c1,0.0664,8.16,8.39,1481,2.188,1.377
基线U-Net,test_47_A_r0c0,0.0006,2.43,2.00,48,0.941,0.927
基线U-Net,test_47_A_r0c1,0.1035,6.91,6.39,2715,2.485,1.408
基线U-Net,test_47_A_r1c0,0.0479,6.16,6.00,1518,3.597,1.300
基线U-Net,test_47_A_r1c1,0.1089,6.91,6.00,2909,2.186,1.396
基线U-Net,test_48_A_r0c0,0.1459,7.43,6.00,3975,5.527,1.468
基线U-Net,test_48_A_r0c1,0.0930,6.05,5.60,2954,4.779,1.366
基线U-Net,test_48_A_r1c0,0.1319,7.36,8.00,3273,5.188,1.428
基线U-Net,test_48_A_r1c1,0.0832,5.75,6.00,2837,4.757,1.335
基线U-Net,test_49_A_r0c0,0.1142,6.60,6.00,3371,3.749,1.414
基线U-Net,test_49_A_r0c1,0.1437,8.20,8.00,3338,4.792,1.461
基线U-Net,test_49_A_r1c0,0.0783,5.73,5.60,2670,3.324,1.341
基线U-Net,test_49_A_r1c1,0.1203,6.94,6.39,3133,3.422,1.398
基线U-Net,test_4_A_r0c0,0.0845,6.52,6.00,2381,4.206,1.372
基线U-Net,test_4_A_r0c1,0.1276,7.53,6.39,3186,4.777,1.437
基线U-Net,test_4_A_r1c0,0.0709,5.73,5.60,2420,3.821,1.315
基线U-Net,test_4_A_r1c1,0.1169,7.69,8.00,2903,4.980,1.435
基线U-Net,test_50_A_r0c0,0.1314,8.39,8.00,2921,4.397,1.465
基线U-Net,test_50_A_r0c1,0.0664,5.85,5.60,2141,3.919,1.305
基线U-Net,test_50_A_r1c0,0.1022,7.72,7.19,2602,3.696,1.440
基线U-Net,test_50_A_r1c1,0.0888,6.17,5.60,2761,4.005,1.360
基线U-Net,test_51_D_r0c0,0.0027,3.30,4.00,156,0.996,0.921
基线U-Net,test_51_D_r0c1,0.0417,7.57,8.00,995,1.515,1.306
基线U-Net,test_51_D_r1c0,0.0282,7.46,8.00,709,2.194,1.314
基线U-Net,test_51_D_r1c1,0.0180,10.18,11.59,314,1.013,1.342
基线U-Net,test_52_D_r0c0,0.0833,6.14,5.60,2581,3.911,1.361
基线U-Net,test_52_D_r0c1,0.0698,6.12,5.60,2024,2.918,1.368
基线U-Net,test_52_D_r1c0,0.0121,3.72,4.00,663,1.144,1.084
基线U-Net,test_52_D_r1c1,0.0449,6.42,6.00,1313,1.133,1.308
基线U-Net,test_53_D_r0c0,0.1129,9.46,9.99,2295,4.059,1.464
基线U-Net,test_53_D_r0c1,0.0569,7.87,7.19,1365,2.717,1.382
基线U-Net,test_53_D_r1c0,0.0831,8.78,8.40,1798,3.515,1.464
基线U-Net,test_53_D_r1c1,0.0430,8.26,8.39,955,2.560,1.414
基线U-Net,test_54_D_r0c0,0.0969,5.33,4.39,3427,3.030,1.347
基线U-Net,test_54_D_r0c1,0.1339,7.52,6.39,3359,4.562,1.437
基线U-Net,test_54_D_r1c0,0.0996,5.81,4.39,3565,5.240,1.386
基线U-Net,test_54_D_r1c1,0.1281,7.50,8.39,3163,3.781,1.432
基线U-Net,test_55_D_r0c0,0.0234,7.31,6.39,602,1.138,1.226
基线U-Net,test_55_D_r0c1,0.0829,8.39,8.79,1762,2.521,1.420
基线U-Net,test_55_D_r1c0,0.0046,6.05,6.00,144,0.983,1.315
基线U-Net,test_55_D_r1c1,0.0601,8.35,8.00,1375,2.219,1.414
基线U-Net,test_56_D_r0c0,0.1381,9.72,9.99,2671,4.280,1.494
基线U-Net,test_56_D_r0c1,0.0953,7.26,6.39,2449,3.191,1.386
基线U-Net,test_56_D_r1c0,0.1315,9.16,8.40,2752,3.486,1.462
基线U-Net,test_56_D_r1c1,0.0769,6.71,6.00,2243,3.344,1.348
基线U-Net,test_57_D_r0c0,0.0095,6.12,6.00,304,1.001,1.227
基线U-Net,test_57_D_r0c1,0.0358,6.57,6.00,1093,1.542,1.300
基线U-Net,test_57_D_r1c0,0.0380,7.25,7.19,1018,1.314,1.365
基线U-Net,test_57_D_r1c1,0.0432,7.99,7.19,1007,1.393,1.341
基线U-Net,test_58_D_r0c0,0.0722,6.04,5.60,2301,3.225,1.347
基线U-Net,test_58_D_r0c1,0.1257,7.69,7.19,3091,3.379,1.444
基线U-Net,test_58_D_r1c0,0.0785,6.49,5.60,2312,2.536,1.348
基线U-Net,test_58_D_r1c1,0.1092,7.98,8.00,2529,3.960,1.423
基线U-Net,test_59_D_r0c0,0.1369,8.22,7.19,3147,4.695,1.481
基线U-Net,test_59_D_r0c1,0.1021,6.82,6.00,2818,3.669,1.376
基线U-Net,test_59_D_r1c0,0.1138,8.11,7.19,2775,3.492,1.430
基线U-Net,test_59_D_r1c1,0.0863,6.58,5.60,2578,4.607,1.376
基线U-Net,test_5_A_r0c0,0.1200,6.62,6.00,3430,5.320,1.410
基线U-Net,test_5_A_r0c1,0.1887,8.47,8.00,4123,5.754,1.509
基线U-Net,test_5_A_r1c0,0.0941,5.84,5.60,3139,4.230,1.371
基线U-Net,test_5_A_r1c1,0.1492,7.91,8.00,3587,4.743,1.461
基线U-Net,test_60_D_r0c0,0.0599,5.36,5.60,2061,1.997,1.279
基线U-Net,test_60_D_r0c1,0.1329,7.71,7.19,3191,4.969,1.451
基线U-Net,test_60_D_r1c0,0.0824,5.93,5.60,2731,3.720,1.350
基线U-Net,test_60_D_r1c1,0.1111,8.36,8.39,2451,4.262,1.420
基线U-Net,test_61_D_r0c0,0.0656,7.49,7.19,1649,2.492,1.394
基线U-Net,test_61_D_r0c1,0.0210,4.80,4.00,843,1.148,1.215
基线U-Net,test_61_D_r1c0,0.0644,8.44,8.39,1383,1.970,1.407
基线U-Net,test_61_D_r1c1,0.0422,6.83,6.39,1191,2.040,1.319
基线U-Net,test_62_D_r0c0,0.0888,8.24,8.00,2067,2.484,1.415
基线U-Net,test_62_D_r0c1,0.0344,6.35,6.39,990,1.408,1.352
基线U-Net,test_62_D_r1c0,0.0670,7.98,7.19,1589,1.421,1.388
基线U-Net,test_62_D_r1c1,0.0572,7.01,6.39,1589,1.643,1.332
基线U-Net,test_63_D_r0c0,0.1289,9.27,8.79,2586,3.189,1.456
基线U-Net,test_63_D_r0c1,0.0631,6.67,6.00,1777,2.683,1.348
基线U-Net,test_63_D_r1c0,0.1188,8.63,8.40,2586,1.878,1.428
基线U-Net,test_63_D_r1c1,0.0821,8.03,8.39,1925,3.047,1.394
基线U-Net,test_64_D_r0c0,0.0705,6.37,6.00,2184,4.309,1.369
基线U-Net,test_64_D_r0c1,0.1652,8.00,7.19,3925,5.403,1.498
基线U-Net,test_64_D_r1c0,0.0433,7.64,8.00,1104,2.338,1.339
基线U-Net,test_64_D_r1c1,0.1216,9.22,8.79,2429,3.751,1.442
基线U-Net,test_65_D_r0c0,0.0689,7.83,7.19,1695,2.848,1.362
基线U-Net,test_65_D_r0c1,0.1422,10.59,10.79,2501,2.890,1.506
基线U-Net,test_65_D_r1c0,0.0855,7.33,7.19,2257,2.985,1.389
基线U-Net,test_65_D_r1c1,0.1165,9.69,9.99,2277,3.650,1.456
基线U-Net,test_66_D_r0c0,0.1063,10.15,11.20,1936,2.234,1.496
基线U-Net,test_66_D_r0c1,0.0659,7.85,8.00,1583,2.915,1.354
基线U-Net,test_66_D_r1c0,0.0892,9.61,9.99,1742,2.880,1.471
基线U-Net,test_66_D_r1c1,0.0372,7.51,6.39,947,1.062,1.340
基线U-Net,test_67_D_r0c0,0.0525,6.48,5.60,1557,2.065,1.297
基线U-Net,test_67_D_r0c1,0.1041,6.85,6.39,2917,5.253,1.473
基线U-Net,test_67_D_r1c0,0.0472,6.66,6.39,1356,1.901,1.284
基线U-Net,test_67_D_r1c1,0.1000,6.76,6.00,2788,2.997,1.432
基线U-Net,test_68_D_r0c0,0.1270,8.39,8.00,2836,4.629,1.461
基线U-Net,test_68_D_r0c1,0.0615,6.11,6.00,1922,3.917,1.314
基线U-Net,test_68_D_r1c0,0.1219,7.47,7.19,3254,3.972,1.442
基线U-Net,test_68_D_r1c1,0.0849,5.84,5.60,2885,3.481,1.370
基线U-Net,test_69_D_r0c0,0.1369,8.84,8.00,3052,4.694,1.490
基线U-Net,test_69_D_r0c1,0.0951,6.13,5.60,2886,5.188,1.365
基线U-Net,test_69_D_r1c0,0.1328,7.83,8.00,3290,5.148,1.469
基线U-Net,test_69_D_r1c1,0.0868,6.06,5.60,2740,4.059,1.357
基线U-Net,test_6_A_r0c0,0.0867,5.84,4.39,2773,2.423,1.348
基线U-Net,test_6_A_r0c1,0.1303,7.77,8.00,3167,4.921,1.458
基线U-Net,test_6_A_r1c0,0.0797,6.38,5.60,2421,3.295,1.373
基线U-Net,test_6_A_r1c1,0.1135,7.17,6.39,2939,3.954,1.411
基线U-Net,test_70_D_r0c0,0.1434,8.65,8.39,3180,4.673,1.475
基线U-Net,test_70_D_r0c1,0.0754,6.36,5.60,2221,3.683,1.324
基线U-Net,test_70_D_r1c0,0.1134,8.34,8.39,2498,2.670,1.433
基线U-Net,test_70_D_r1c1,0.0695,5.69,4.39,2285,2.586,1.327
基线U-Net,test_71_D_r0c0,0.0575,5.89,5.60,1806,2.575,1.355
基线U-Net,test_71_D_r0c1,0.0307,5.02,4.39,1138,1.214,1.204
基线U-Net,test_71_D_r1c0,0.0675,7.35,7.19,1869,2.914,1.355
基线U-Net,test_71_D_r1c1,0.0405,5.43,5.60,1459,2.453,1.260
基线U-Net,test_72_D_r0c0,0.1226,8.50,8.39,2707,4.205,1.456
基线U-Net,test_72_D_r0c1,0.0840,6.26,6.00,2474,3.545,1.346
基线U-Net,test_72_D_r1c0,0.0988,7.58,7.19,2552,4.601,1.418
基线U-Net,test_72_D_r1c1,0.0666,5.64,4.39,2320,3.806,1.338
基线U-Net,test_73_D_r0c0,0.1343,8.89,8.79,2819,4.201,1.472
基线U-Net,test_73_D_r0c1,0.0780,6.07,6.00,2426,3.671,1.328
基线U-Net,test_73_D_r1c0,0.1035,8.39,8.79,2301,2.910,1.422
基线U-Net,test_73_D_r1c1,0.0863,6.50,6.00,2681,4.977,1.375
基线U-Net,test_74_D_r0c0,0.0855,6.44,6.00,2455,4.312,1.362
基线U-Net,test_74_D_r0c1,0.1393,8.15,8.00,3213,4.697,1.457
基线U-Net,test_74_D_r1c0,0.0773,6.29,6.00,2473,2.954,1.353
基线U-Net,test_74_D_r1c1,0.1259,8.45,8.40,2896,4.479,1.436
基线U-Net,test_75_D_r0c0,0.0680,5.70,5.60,2323,3.983,1.333
基线U-Net,test_75_D_r0c1,0.1411,7.21,7.19,3734,5.357,1.451
基线U-Net,test_75_D_r1c0,0.0909,6.32,6.00,2767,4.678,1.364
基线U-Net,test_75_D_r1c1,0.1149,6.99,6.00,3078,4.554,1.444
基线U-Net,test_76_D_r0c0,0.0839,7.40,7.19,2058,1.810,1.414
基线U-Net,test_76_D_r0c1,0.0219,5.89,5.60,695,1.399,1.283
基线U-Net,test_76_D_r1c0,0.0376,6.46,6.00,1083,1.686,1.303
基线U-Net,test_76_D_r1c1,0.0250,8.20,8.79,597,1.268,1.311
基线U-Net,test_77_D_r0c0,0.0769,5.89,6.00,2481,3.334,1.361
基线U-Net,test_77_D_r0c1,0.1343,7.01,6.00,3668,3.699,1.445
基线U-Net,test_77_D_r1c0,0.0836,6.08,5.60,2701,3.591,1.350
基线U-Net,test_77_D_r1c1,0.1073,6.77,6.00,2956,3.147,1.380
基线U-Net,test_78_D_r0c0,0.0247,7.33,8.00,623,1.117,1.294
基线U-Net,test_78_D_r0c1,0.0722,8.40,8.00,1637,2.576,1.424
基线U-Net,test_78_D_r1c0,0.0527,6.10,6.00,1722,1.926,1.289
基线U-Net,test_78_D_r1c1,0.0430,6.21,6.39,1302,8.348,1.244
基线U-Net,test_79_D_r0c0,0.1298,8.99,8.39,2802,3.407,1.482
基线U-Net,test_79_D_r0c1,0.0684,6.85,7.19,1823,2.897,1.337
基线U-Net,test_79_D_r1c0,0.1336,8.99,8.40,2940,3.386,1.464
基线U-Net,test_79_D_r1c1,0.0806,6.80,6.00,2238,3.191,1.318
基线U-Net,test_7_A_r0c0,0.1422,6.51,5.60,4226,5.253,1.458
基线U-Net,test_7_A_r0c1,0.0780,5.05,4.39,2933,2.707,1.315
基线U-Net,test_7_A_r1c0,0.1006,7.66,8.00,2494,3.486,1.426
基线U-Net,test_7_A_r1c1,0.0973,5.63,4.39,3312,4.444,1.362
基线U-Net,test_80_D_r0c0,0.0549,7.08,7.19,1442,2.219,1.378
基线U-Net,test_80_D_r0c1,0.1383,8.64,8.40,3046,4.457,1.469
基线U-Net,test_80_D_r1c0,0.0526,6.18,5.60,1680,2.337,1.307
基线U-Net,test_80_D_r1c1,0.1116,8.26,8.40,2543,3.109,1.454
基线U-Net,test_81_D_r0c0,0.0833,5.99,5.60,2704,4.224,1.350
基线U-Net,test_81_D_r0c1,0.1248,7.45,7.19,3136,4.854,1.450
基线U-Net,test_81_D_r1c0,0.0723,5.18,4.39,2722,3.723,1.325
基线U-Net,test_81_D_r1c1,0.1025,7.47,7.19,2571,3.960,1.413
基线U-Net,test_82_D_r0c0,0.0592,6.30,5.60,1706,1.262,1.374
基线U-Net,test_82_D_r0c1,0.0343,6.14,6.00,1066,1.186,1.266
基线U-Net,test_82_D_r1c0,0.0324,6.31,5.60,909,1.225,1.290
基线U-Net,test_82_D_r1c1,0.0265,5.62,6.00,880,1.739,1.246
基线U-Net,test_83_D_r0c0,0.0806,7.28,6.39,2120,2.165,1.356
基线U-Net,test_83_D_r0c1,0.1211,9.35,9.99,2362,1.742,1.453
基线U-Net,test_83_D_r1c0,0.0459,6.40,6.00,1367,1.829,1.332
基线U-Net,test_83_D_r1c1,0.0970,8.54,8.00,2244,2.827,1.418
基线U-Net,test_84_D_r0c0,0.1032,6.91,6.39,2797,3.699,1.395
基线U-Net,test_84_D_r0c1,0.1428,7.89,8.00,3382,3.294,1.490
基线U-Net,test_84_D_r1c0,0.0726,6.14,5.60,2282,4.144,1.348
基线U-Net,test_84_D_r1c1,0.0973,7.24,7.19,2490,1.742,1.386
基线U-Net,test_85_D_r0c0,0.0847,7.01,6.39,2284,3.025,1.371
基线U-Net,test_85_D_r0c1,0.1232,8.27,8.00,2815,2.109,1.473
基线U-Net,test_85_D_r1c0,0.0715,6.27,5.60,2227,3.689,1.360
基线U-Net,test_85_D_r1c1,0.0880,7.62,8.00,2122,1.248,1.373
基线U-Net,test_86_D_r0c0,0.0495,5.69,5.60,1692,1.613,1.303
基线U-Net,test_86_D_r0c1,0.1332,8.33,8.00,3055,4.397,1.477
基线U-Net,test_86_D_r1c0,0.0670,5.66,4.39,2297,3.399,1.307
基线U-Net,test_86_D_r1c1,0.0979,7.13,6.00,2573,2.953,1.413
基线U-Net,test_87_D_r0c0,0.0591,6.81,6.39,1630,2.199,1.328
基线U-Net,test_87_D_r0c1,0.1578,9.08,8.79,3358,4.814,1.509
基线U-Net,test_87_D_r1c0,0.0783,6.74,6.00,2273,2.858,1.375
基线U-Net,test_87_D_r1c1,0.1401,8.62,8.00,3016,4.121,1.479
基线U-Net,test_88_D_r0c0,0.0668,5.92,5.60,2154,1.155,1.302
基线U-Net,test_88_D_r0c1,0.1428,8.48,8.00,3164,3.892,1.473
基线U-Net,test_88_D_r1c0,0.0484,6.37,6.00,1457,2.127,1.329
基线U-Net,test_88_D_r1c1,0.1170,9.19,9.99,2426,3.521,1.457
基线U-Net,test_89_D_r0c0,0.0888,5.70,4.39,2964,2.525,1.352
基线U-Net,test_89_D_r0c1,0.1229,7.85,8.00,2979,2.895,1.417
基线U-Net,test_89_D_r1c0,0.0880,5.63,4.39,3109,3.916,1.368
基线U-Net,test_89_D_r1c1,0.1046,7.58,7.19,2596,3.134,1.396
基线U-Net,test_8_A_r0c0,0.1206,6.11,5.60,3671,4.579,1.439
基线U-Net,test_8_A_r0c1,0.0414,5.18,4.39,1523,1.631,1.245
基线U-Net,test_8_A_r1c0,0.0863,6.58,5.60,2408,2.552,1.365
基线U-Net,test_8_A_r1c1,0.0617,5.74,5.60,2069,3.625,1.325
基线U-Net,test_90_D_r0c0,0.1311,7.80,7.19,3078,4.187,1.459
基线U-Net,test_90_D_r0c1,0.0528,5.84,5.60,1690,3.255,1.322
基线U-Net,test_90_D_r1c0,0.0995,7.14,7.19,2746,3.755,1.428
基线U-Net,test_90_D_r1c1,0.0597,7.05,7.19,1634,2.379,1.358
基线U-Net,test_91_D_r0c0,0.0850,7.57,8.00,2117,3.387,1.412
基线U-Net,test_91_D_r0c1,0.1276,9.75,8.79,2486,3.285,1.454
基线U-Net,test_91_D_r1c0,0.0570,7.36,7.19,1517,2.135,1.362
基线U-Net,test_91_D_r1c1,0.1307,9.02,8.39,2829,4.804,1.480
基线U-Net,test_92_D_r0c0,0.0559,6.70,6.00,1562,2.365,1.335
基线U-Net,test_92_D_r0c1,0.1396,8.49,8.79,3135,4.432,1.480
基线U-Net,test_92_D_r1c0,0.0567,5.24,4.39,2112,2.022,1.303
基线U-Net,test_92_D_r1c1,0.1367,7.82,8.00,3367,3.827,1.463
基线U-Net,test_93_D_r0c0,0.1368,9.60,8.79,2727,3.591,1.519
基线U-Net,test_93_D_r0c1,0.0675,6.85,6.00,1838,2.143,1.333
基线U-Net,test_93_D_r1c0,0.1119,8.97,8.00,2403,2.858,1.454
基线U-Net,test_93_D_r1c1,0.0513,6.00,4.39,1627,1.302,1.274
基线U-Net,test_94_D_r0c0,0.1496,8.46,8.00,3383,4.774,1.523
基线U-Net,test_94_D_r0c1,0.0708,7.00,7.19,1902,2.568,1.343
基线U-Net,test_94_D_r1c0,0.0669,6.97,5.60,1831,1.716,1.377
基线U-Net,test_94_D_r1c1,0.0028,3.04,2.80,183,1.025,0.874
基线U-Net,test_95_D_r0c0,0.1223,9.60,8.79,2420,3.590,1.508
基线U-Net,test_95_D_r0c1,0.0249,5.73,5.60,805,1.221,1.263
基线U-Net,test_95_D_r1c0,0.0386,6.65,6.00,1129,1.125,1.302
基线U-Net,test_95_D_r1c1,0.0098,4.29,4.00,461,0.994,1.124
基线U-Net,test_96_D_r0c0,0.0918,6.66,5.60,2632,3.492,1.370
基线U-Net,test_96_D_r0c1,0.1506,8.10,7.19,3584,4.883,1.474
基线U-Net,test_96_D_r1c0,0.0602,5.02,4.39,2288,2.969,1.263
基线U-Net,test_96_D_r1c1,0.1152,7.91,8.00,2744,4.311,1.414
基线U-Net,test_97_D_r0c0,0.0799,8.66,8.39,1699,1.845,1.406
基线U-Net,test_97_D_r0c1,0.1330,9.70,9.99,2442,3.064,1.469
基线U-Net,test_97_D_r1c0,0.0507,6.00,5.60,1682,2.473,1.322
基线U-Net,test_97_D_r1c1,0.1130,8.75,8.79,2433,2.582,1.456
基线U-Net,test_98_D_r0c0,0.0699,6.58,6.00,1989,3.916,1.320
基线U-Net,test_98_D_r0c1,0.1551,8.66,8.39,3400,3.958,1.485
基线U-Net,test_98_D_r1c0,0.0725,7.21,7.19,1925,2.428,1.328
基线U-Net,test_98_D_r1c1,0.1258,9.12,8.79,2561,3.673,1.439
基线U-Net,test_99_D_r0c0,0.1364,7.93,8.00,3228,4.312,1.458
基线U-Net,test_99_D_r0c1,0.0926,6.33,5.60,2828,3.999,1.381
基线U-Net,test_99_D_r1c0,0.1061,7.41,7.19,2766,3.183,1.389
基线U-Net,test_99_D_r1c1,0.0679,5.46,4.39,2428,2.377,1.293
基线U-Net,test_9_A_r0c0,0.1550,7.69,8.00,3753,5.500,1.482
基线U-Net,test_9_A_r0c1,0.0902,5.65,4.39,2951,3.913,1.335
基线U-Net,test_9_A_r1c0,0.1401,7.71,7.19,3387,3.170,1.455
基线U-Net,test_9_A_r1c1,0.0950,5.58,4.39,3305,5.199,1.358
注意力U-Net,test_100_D_r0c0,0.1543,8.21,8.00,3550,5.041,1.497
注意力U-Net,test_100_D_r0c1,0.0483,6.02,5.60,1485,1.224,1.292
注意力U-Net,test_100_D_r1c0,0.1133,8.28,8.39,2586,4.041,1.461
注意力U-Net,test_100_D_r1c1,0.1034,7.43,6.39,2690,3.769,1.410
注意力U-Net,test_101_G_r0c0,0.0511,6.08,5.60,1586,1.773,1.293
注意力U-Net,test_101_G_r0c1,0.0620,6.99,7.19,1594,1.791,1.347
注意力U-Net,test_101_G_r1c0,0.0387,5.66,5.60,1307,1.761,1.254
注意力U-Net,test_101_G_r1c1,0.0561,7.31,6.39,1484,2.995,1.371
注意力U-Net,test_102_G_r0c0,0.0680,7.17,6.00,1913,3.623,1.430
注意力U-Net,test_102_G_r0c1,0.0710,7.24,6.39,1784,2.394,1.411
注意力U-Net,test_102_G_r1c0,0.0432,7.61,8.39,1118,1.406,1.338
注意力U-Net,test_102_G_r1c1,0.0870,7.12,7.19,2185,2.984,1.393
注意力U-Net,test_103_G_r0c0,0.1420,10.53,10.79,2558,3.723,1.510
注意力U-Net,test_103_G_r0c1,0.0708,8.24,7.19,1580,2.707,1.397
注意力U-Net,test_103_G_r1c0,0.1056,9.33,9.99,2142,1.505,1.410
注意力U-Net,test_103_G_r1c1,0.0736,8.29,8.39,1684,1.499,1.383
注意力U-Net,test_104_G_r0c0,0.1050,6.20,6.00,3240,3.099,1.407
注意力U-Net,test_104_G_r0c1,0.0942,6.09,5.60,2896,4.333,1.356
注意力U-Net,test_104_G_r1c0,0.0888,6.11,5.60,2826,3.324,1.381
注意力U-Net,test_104_G_r1c1,0.0722,5.41,5.60,2569,3.555,1.326
注意力U-Net,test_105_G_r0c0,0.1648,8.60,8.00,3819,4.536,1.504
注意力U-Net,test_105_G_r0c1,0.0751,6.47,6.00,2164,2.325,1.353
注意力U-Net,test_105_G_r1c0,0.1440,8.12,8.00,3441,5.255,1.473
注意力U-Net,test_105_G_r1c1,0.0766,5.90,6.00,2476,3.496,1.320
注意力U-Net,test_106_G_r0c0,0.1521,9.71,10.00,3042,3.513,1.511
注意力U-Net,test_106_G_r0c1,0.0984,6.62,6.00,2680,4.026,1.366
注意力U-Net,test_106_G_r1c0,0.1603,8.61,9.99,3603,4.405,1.487
注意力U-Net,test_106_G_r1c1,0.1026,6.65,6.00,2918,4.565,1.392
注意力U-Net,test_107_G_r0c0,0.1670,8.03,8.00,4016,6.396,1.502
注意力U-Net,test_107_G_r0c1,0.1031,6.00,5.60,3232,2.941,1.362
注意力U-Net,test_107_G_r1c0,0.1474,7.24,6.00,3912,4.444,1.456
注意力U-Net,test_107_G_r1c1,0.1293,6.55,5.60,3740,4.643,1.420
注意力U-Net,test_108_G_r0c0,0.0321,9.06,9.99,660,1.347,1.362
注意力U-Net,test_108_G_r0c1,0.0452,7.22,6.39,1116,1.685,1.326
注意力U-Net,test_108_G_r1c0,0.0101,4.00,4.00,497,1.065,1.060
注意力U-Net,test_108_G_r1c1,0.0600,6.87,7.19,1712,3.066,1.311
注意力U-Net,test_109_G_r0c0,0.0966,6.12,5.60,2928,4.223,1.383
注意力U-Net,test_109_G_r0c1,0.1542,7.93,7.19,3644,5.737,1.470
注意力U-Net,test_109_G_r1c0,0.0849,6.18,5.60,2692,3.878,1.351
注意力U-Net,test_109_G_r1c1,0.1366,7.66,7.19,3358,4.920,1.446
注意力U-Net,test_10_A_r0c0,0.0655,7.18,6.39,1729,2.813,1.379
注意力U-Net,test_10_A_r0c1,0.1518,8.80,8.40,3221,5.043,1.483
注意力U-Net,test_10_A_r1c0,0.0790,6.61,6.00,2404,3.056,1.369
注意力U-Net,test_10_A_r1c1,0.1029,8.34,8.79,2281,3.271,1.417
注意力U-Net,test_110_G_r0c0,0.1286,7.90,7.19,3156,4.581,1.441
注意力U-Net,test_110_G_r0c1,0.0799,5.43,4.39,2749,3.373,1.306
注意力U-Net,test_110_G_r1c0,0.1314,7.40,6.39,3393,4.538,1.448
注意力U-Net,test_110_G_r1c1,0.0907,6.21,6.00,2777,2.519,1.372
注意力U-Net,test_111_G_r0c0,0.1265,8.55,8.39,2818,4.875,1.465
注意力U-Net,test_111_G_r0c1,0.0500,5.97,5.60,1584,2.758,1.347
注意力U-Net,test_111_G_r1c0,0.1112,8.54,8.39,2578,4.190,1.450
注意力U-Net,test_111_G_r1c1,0.0433,6.36,6.00,1291,1.995,1.306
注意力U-Net,test_112_G_r0c0,0.0903,6.61,6.39,2673,3.602,1.407
注意力U-Net,test_112_G_r0c1,0.1097,9.03,9.99,2194,3.677,1.452
注意力U-Net,test_112_G_r1c0,0.0745,6.64,6.00,2223,2.444,1.322
注意力U-Net,test_112_G_r1c1,0.1678,8.88,8.39,3574,5.026,1.493
注意力U-Net,test_113_G_r0c0,0.0060,5.43,5.60,189,0.907,1.142
注意力U-Net,test_113_G_r0c1,0.0407,7.73,7.19,1043,1.780,1.365
注意力U-Net,test_113_G_r1c0,0.0000,0.00,0.00,0,0.000,nan
注意力U-Net,test_113_G_r1c1,0.0270,6.31,6.00,697,1.813,1.286
注意力U-Net,test_114_G_r0c0,0.0199,8.63,8.00,428,1.773,1.383
注意力U-Net,test_114_G_r0c1,0.0266,8.90,8.40,531,1.610,1.359
注意力U-Net,test_114_G_r1c0,0.0039,5.83,5.60,105,0.938,1.164
注意力U-Net,test_114_G_r1c1,0.0391,6.51,6.00,1082,1.412,1.285
注意力U-Net,test_115_G_r0c0,0.0652,5.38,5.60,2368,2.642,1.298
注意力U-Net,test_115_G_r0c1,0.1382,7.81,7.19,3402,4.490,1.455
注意力U-Net,test_115_G_r1c0,0.1026,6.47,6.00,3176,4.881,1.400
注意力U-Net,test_115_G_r1c1,0.1235,7.60,6.39,3074,3.496,1.425
注意力U-Net,test_116_G_r0c0,0.1346,8.57,8.00,3133,4.245,1.508
注意力U-Net,test_116_G_r0c1,0.0538,7.82,7.19,1244,3.090,1.342
注意力U-Net,test_116_G_r1c0,0.0780,8.43,8.00,1865,3.635,1.453
注意力U-Net,test_116_G_r1c1,0.0453,7.45,8.00,1126,2.343,1.315
注意力U-Net,test_117_G_r0c0,0.0734,5.66,4.39,2544,3.595,1.333
注意力U-Net,test_117_G_r0c1,0.1200,7.47,6.39,2983,3.529,1.432
注意力U-Net,test_117_G_r1c0,0.0756,5.78,5.60,2524,4.968,1.357
注意力U-Net,test_117_G_r1c1,0.1108,7.56,6.39,2770,2.538,1.428
注意力U-Net,test_118_G_r0c0,0.1591,7.68,6.00,4073,4.591,1.499
注意力U-Net,test_118_G_r0c1,0.1036,6.22,5.60,3199,4.670,1.353
注意力U-Net,test_118_G_r1c0,0.1534,8.25,8.39,3567,3.762,1.464
注意力U-Net,test_118_G_r1c1,0.1018,6.14,5.60,3224,4.879,1.373
注意力U-Net,test_119_G_r0c0,0.0142,5.01,4.00,540,1.034,1.172
注意力U-Net,test_119_G_r0c1,0.0102,4.39,4.00,417,0.997,1.073
注意力U-Net,test_119_G_r1c0,0.0564,8.78,8.00,1301,2.033,1.401
注意力U-Net,test_119_G_r1c1,0.0050,2.92,2.80,332,1.075,1.019
注意力U-Net,test_11_A_r0c0,0.1051,7.23,7.60,2784,3.010,1.391
注意力U-Net,test_11_A_r0c1,0.1062,9.83,8.79,1995,2.177,1.476
注意力U-Net,test_11_A_r1c0,0.0648,6.57,6.00,1910,2.832,1.352
注意力U-Net,test_11_A_r1c1,0.1379,8.40,7.19,3184,4.066,1.468
注意力U-Net,test_120_G_r0c0,0.0744,6.61,5.60,2101,2.990,1.343
注意力U-Net,test_120_G_r0c1,0.1535,8.54,8.79,3330,4.862,1.468
注意力U-Net,test_120_G_r1c0,0.0957,7.26,6.39,2528,3.828,1.424
注意力U-Net,test_120_G_r1c1,0.1306,7.07,6.00,3432,4.684,1.444
注意力U-Net,test_121_G_r0c0,0.0135,6.25,4.39,419,1.063,1.159
注意力U-Net,test_121_G_r0c1,0.0543,8.36,8.00,1188,1.432,1.362
注意力U-Net,test_121_G_r1c0,0.0369,6.77,6.39,1010,1.350,1.310
注意力U-Net,test_121_G_r1c1,0.0415,7.50,8.00,983,0.977,1.315
注意力U-Net,test_122_G_r0c0,0.0060,5.32,5.60,217,1.256,1.133
注意力U-Net,test_122_G_r0c1,0.0000,0.00,0.00,0,0.000,nan
注意力U-Net,test_122_G_r1c0,0.0009,3.05,2.80,60,0.948,1.015
注意力U-Net,test_122_G_r1c1,0.0000,0.00,0.00,0,0.000,nan
注意力U-Net,test_123_G_r0c0,0.0005,3.07,2.80,25,0.868,0.862
注意力U-Net,test_123_G_r0c1,0.0096,4.91,4.39,343,1.026,1.169
注意力U-Net,test_123_G_r1c0,0.0002,2.56,2.00,15,1.069,0.695
注意力U-Net,test_123_G_r1c1,0.0001,2.00,2.00,9,1.091,0.403
注意力U-Net,test_124_G_r0c0,0.1282,8.73,8.00,2921,5.441,1.510
注意力U-Net,test_124_G_r0c1,0.0842,8.69,8.39,1738,3.289,1.413
注意力U-Net,test_124_G_r1c0,0.0709,9.15,8.79,1428,1.290,1.399
注意力U-Net,test_124_G_r1c1,0.0592,7.81,8.00,1418,2.268,1.388
注意力U-Net,test_125_G_r0c0,0.1708,9.37,8.79,3483,4.817,1.501
注意力U-Net,test_125_G_r0c1,0.0872,6.53,6.00,2462,2.793,1.340
注意力U-Net,test_125_G_r1c0,0.1262,8.90,8.39,2699,2.749,1.454
注意力U-Net,test_125_G_r1c1,0.0776,6.89,6.00,2262,3.827,1.354
注意力U-Net,test_126_G_r0c0,0.0681,5.84,5.60,2218,3.199,1.312
注意力U-Net,test_126_G_r0c1,0.0949,6.66,6.00,2682,3.068,1.395
注意力U-Net,test_126_G_r1c0,0.0660,6.08,5.60,2195,3.274,1.315
注意力U-Net,test_126_G_r1c1,0.0896,7.24,7.19,2265,2.683,1.413
注意力U-Net,test_127_G_r0c0,0.0988,6.50,5.60,2817,3.287,1.402
注意力U-Net,test_127_G_r0c1,0.0505,6.09,6.00,1558,2.051,1.269
注意力U-Net,test_127_G_r1c0,0.0808,7.46,7.19,2081,2.872,1.410
注意力U-Net,test_127_G_r1c1,0.0620,5.86,6.00,2057,3.110,1.327
注意力U-Net,test_128_G_r0c0,0.1136,7.73,8.00,2833,4.032,1.429
注意力U-Net,test_128_G_r0c1,0.0744,7.15,7.19,2015,2.522,1.357
注意力U-Net,test_128_G_r1c0,0.0825,7.52,8.00,2067,2.756,1.409
注意力U-Net,test_128_G_r1c1,0.0855,6.55,6.00,2600,3.652,1.356
注意力U-Net,test_129_G_r0c0,0.0605,6.00,5.60,1943,2.252,1.339
注意力U-Net,test_129_G_r0c1,0.0873,7.51,7.19,2105,3.278,1.463
注意力U-Net,test_129_G_r1c0,0.0465,4.88,4.00,1913,1.473,1.286
注意力U-Net,test_129_G_r1c1,0.1095,7.56,7.19,2915,3.979,1.440
注意力U-Net,test_12_A_r0c0,0.1082,6.41,6.00,3268,5.302,1.411
注意力U-Net,test_12_A_r0c1,0.1476,8.85,8.00,3207,5.180,1.478
注意力U-Net,test_12_A_r1c0,0.0932,7.33,6.39,2454,3.273,1.380
注意力U-Net,test_12_A_r1c1,0.1356,8.98,8.39,2882,4.012,1.456
注意力U-Net,test_130_G_r0c0,0.1394,7.92,6.39,3372,3.309,1.472
注意力U-Net,test_130_G_r0c1,0.0744,6.10,5.60,2277,4.361,1.341
注意力U-Net,test_130_G_r1c0,0.1187,7.00,6.00,3345,5.515,1.429
注意力U-Net,test_130_G_r1c1,0.1045,6.81,6.00,3033,3.794,1.375
注意力U-Net,test_131_G_r0c0,0.1598,7.98,8.00,3755,5.214,1.497
注意力U-Net,test_131_G_r0c1,0.0981,6.33,6.00,2928,4.242,1.358
注意力U-Net,test_131_G_r1c0,0.1292,7.49,7.19,3258,3.735,1.444
注意力U-Net,test_131_G_r1c1,0.0967,6.06,5.60,3227,4.577,1.362
注意力U-Net,test_132_G_r0c0,0.0842,7.58,7.19,1981,2.251,1.388
注意力U-Net,test_132_G_r0c1,0.0986,6.05,5.60,3063,4.956,1.362
注意力U-Net,test_132_G_r1c0,0.1126,6.79,6.00,3322,3.553,1.395
注意力U-Net,test_132_G_r1c1,0.0655,5.33,4.39,2417,2.876,1.294
注意力U-Net,test_133_G_r0c0,0.0462,8.47,8.39,956,1.525,1.428
注意力U-Net,test_133_G_r0c1,0.0516,9.66,9.99,1032,2.434,1.507
注意力U-Net,test_133_G_r1c0,0.0028,5.76,6.39,64,0.908,nan
注意力U-Net,test_133_G_r1c1,0.0274,8.97,8.40,621,1.441,1.454
注意力U-Net,test_134_G_r0c0,0.0775,6.52,6.00,2180,3.101,1.373
注意力U-Net,test_134_G_r0c1,0.1536,7.81,7.19,3788,5.792,1.482
注意力U-Net,test_134_G_r1c0,0.1178,6.63,6.00,3534,4.634,1.422
注意力U-Net,test_134_G_r1c1,0.0915,7.05,6.00,2414,2.063,1.412
注意力U-Net,test_135_G_r0c0,0.0305,6.94,6.39,774,2.772,1.319
注意力U-Net,test_135_G_r0c1,0.1056,8.39,8.00,2314,3.475,1.427
注意力U-Net,test_135_G_r1c0,0.0508,6.47,6.00,1498,1.310,1.303
注意力U-Net,test_135_G_r1c1,0.0555,10.15,10.79,1034,1.832,1.401
注意力U-Net,test_136_G_r0c0,0.0405,7.21,7.19,1025,1.467,1.365
注意力U-Net,test_136_G_r0c1,0.0028,3.74,4.00,142,0.969,0.924
注意力U-Net,test_136_G_r1c0,0.0333,7.44,6.00,892,1.573,1.316
注意力U-Net,test_136_G_r1c1,0.0010,3.00,2.80,73,1.053,0.807
注意力U-Net,test_137_G_r0c0,0.0147,8.17,8.40,332,1.691,1.380
注意力U-Net,test_137_G_r0c1,0.0234,8.23,8.00,512,1.159,1.313
注意力U-Net,test_137_G_r1c0,0.0020,4.40,4.39,84,0.926,1.218
注意力U-Net,test_137_G_r1c1,0.0659,8.85,9.99,1476,1.763,1.421
注意力U-Net,test_138_G_r0c0,0.0194,5.82,5.60,632,1.290,1.237
注意力U-Net,test_138_G_r0c1,0.0416,9.11,9.99,821,1.378,1.397
注意力U-Net,test_138_G_r1c0,0.0011,3.14,4.00,76,1.022,1.085
注意力U-Net,test_138_G_r1c1,0.0203,6.87,7.19,578,1.270,1.287
注意力U-Net,test_139_G_r0c0,0.1047,6.50,6.00,3083,4.074,1.386
注意力U-Net,test_139_G_r0c1,0.1762,8.57,8.39,3869,4.780,1.519
注意力U-Net,test_139_G_r1c0,0.1154,6.25,5.60,3683,5.650,1.401
注意力U-Net,test_139_G_r1c1,0.1629,8.16,7.19,3824,5.506,1.465
注意力U-Net,test_13_A_r0c0,0.1542,9.58,9.99,3092,4.812,1.521
注意力U-Net,test_13_A_r0c1,0.0997,7.02,5.60,2666,3.514,1.373
注意力U-Net,test_13_A_r1c0,0.1498,7.91,7.19,3659,5.301,1.483
注意力U-Net,test_13_A_r1c1,0.0813,6.72,6.00,2348,3.912,1.380
注意力U-Net,test_140_G_r0c0,0.0899,6.58,6.00,2593,3.187,1.397
注意力U-Net,test_140_G_r0c1,0.0589,5.49,5.60,1915,2.174,1.278
注意力U-Net,test_140_G_r1c0,0.0913,7.24,7.19,2498,3.137,1.427
注意力U-Net,test_140_G_r1c1,0.0615,5.41,5.60,2152,2.963,1.305
注意力U-Net,test_141_G_r0c0,0.0754,6.16,5.60,2352,4.007,1.345
注意力U-Net,test_141_G_r0c1,0.1452,7.31,6.39,3699,5.215,1.474
注意力U-Net,test_141_G_r1c0,0.0831,5.91,4.39,2736,4.026,1.363
注意力U-Net,test_141_G_r1c1,0.1216,6.80,6.00,3416,4.157,1.430
注意力U-Net,test_142_G_r0c0,0.1713,7.72,7.19,4241,5.680,1.502
注意力U-Net,test_142_G_r0c1,0.1109,6.02,5.60,3563,2.738,1.358
注意力U-Net,test_142_G_r1c0,0.1431,7.65,7.19,3659,4.583,1.473
注意力U-Net,test_142_G_r1c1,0.1128,6.01,5.60,3691,5.872,1.391
注意力U-Net,test_143_G_r0c0,0.1776,8.70,8.39,3989,5.908,1.506
注意力U-Net,test_143_G_r0c1,0.1086,6.43,6.00,3165,3.725,1.381
注意力U-Net,test_143_G_r1c0,0.1651,8.66,8.00,3690,5.976,1.499
注意力U-Net,test_143_G_r1c1,0.1191,6.44,5.60,3540,3.851,1.398
注意力U-Net,test_144_G_r0c0,0.0297,6.33,6.00,861,1.440,1.289
注意力U-Net,test_144_G_r0c1,0.0887,7.20,6.00,2361,3.335,1.410
注意力U-Net,test_144_G_r1c0,0.0203,5.01,4.39,798,1.816,1.248
注意力U-Net,test_144_G_r1c1,0.0742,6.24,5.60,2290,3.583,1.380
注意力U-Net,test_145_G_r0c0,0.0788,7.59,6.39,1907,2.873,1.437
注意力U-Net,test_145_G_r0c1,0.0020,3.68,2.80,99,0.986,0.875
注意力U-Net,test_145_G_r1c0,0.0582,6.91,6.00,1690,1.796,1.383
注意力U-Net,test_145_G_r1c1,0.0211,5.75,5.60,706,1.273,1.300
注意力U-Net,test_146_G_r0c0,0.1718,7.99,7.19,4005,5.803,1.493
注意力U-Net,test_146_G_r0c1,0.0955,6.02,5.60,3017,3.633,1.353
注意力U-Net,test_146_G_r1c0,0.1540,7.64,6.00,3996,5.968,1.467
注意力U-Net,test_146_G_r1c1,0.0929,6.00,5.60,3106,4.817,1.379
注意力U-Net,test_147_G_r0c0,0.1202,7.51,6.00,3085,4.631,1.440
注意力U-Net,test_147_G_r0c1,0.0802,6.58,6.00,2392,3.163,1.366
注意力U-Net,test_147_G_r1c0,0.1216,7.68,6.39,3007,4.270,1.480
注意力U-Net,test_147_G_r1c1,0.0547,6.10,5.60,1672,1.120,1.302
注意力U-Net,test_148_G_r0c0,0.0690,6.83,6.00,1921,3.411,1.391
注意力U-Net,test_148_G_r0c1,0.0752,7.09,6.39,1900,1.831,1.380
注意力U-Net,test_148_G_r1c0,0.0075,5.41,5.60,239,1.214,1.242
注意力U-Net,test_148_G_r1c1,0.0441,6.14,5.60,1177,2.106,1.349
注意力U-Net,test_149_G_r0c0,0.0539,9.06,8.39,1182,1.919,1.397
注意力U-Net,test_149_G_r0c1,0.0092,8.01,8.79,208,0.969,1.251
注意力U-Net,test_149_G_r1c0,0.0522,9.22,10.00,1051,1.558,1.350
注意力U-Net,test_149_G_r1c1,0.0366,6.69,6.39,1015,1.297,1.267
注意力U-Net,test_14_A_r0c0,0.1711,8.34,8.00,4004,6.705,1.502
注意力U-Net,test_14_A_r0c1,0.0854,5.87,5.60,2707,4.340,1.349
注意力U-Net,test_14_A_r1c0,0.1224,8.42,8.00,2691,2.645,1.429
注意力U-Net,test_14_A_r1c1,0.0880,6.41,6.00,2655,3.589,1.352
注意力U-Net,test_150_G_r0c0,0.0909,6.09,5.60,2857,4.202,1.371
注意力U-Net,test_150_G_r0c1,0.1377,7.28,6.39,3664,5.421,1.466
注意力U-Net,test_150_G_r1c0,0.0948,6.38,5.60,2810,3.802,1.368
注意力U-Net,test_150_G_r1c1,0.1193,7.39,7.19,3080,4.575,1.421
注意力U-Net,test_151_N_r0c0,0.1358,7.47,6.39,3682,5.146,1.462
注意力U-Net,test_151_N_r0c1,0.1464,8.60,8.39,3212,4.317,1.488
注意力U-Net,test_151_N_r1c0,0.1032,7.28,6.39,2874,4.182,1.412
注意力U-Net,test_151_N_r1c1,0.1622,8.17,8.00,3819,5.269,1.470
注意力U-Net,test_152_N_r0c0,0.1727,8.91,8.39,3881,5.466,1.515
注意力U-Net,test_152_N_r0c1,0.1062,7.10,6.39,2870,4.353,1.419
注意力U-Net,test_152_N_r1c0,0.1587,8.07,7.19,3796,3.770,1.500
注意力U-Net,test_152_N_r1c1,0.1008,6.67,6.00,2936,4.095,1.397
注意力U-Net,test_153_N_r0c0,0.0304,5.22,4.39,1103,1.019,1.170
注意力U-Net,test_153_N_r0c1,0.1036,10.22,10.00,1892,2.750,1.443
注意力U-Net,test_153_N_r1c0,0.0627,8.14,8.00,1528,1.842,1.349
注意力U-Net,test_153_N_r1c1,0.1550,9.42,8.79,3095,4.177,1.500
注意力U-Net,test_154_N_r0c0,0.1581,11.04,10.79,2835,4.105,1.562
注意力U-Net,test_154_N_r0c1,0.0312,5.92,6.00,963,4.142,1.179
注意力U-Net,test_154_N_r1c0,0.1060,9.62,9.99,2154,1.930,1.469
注意力U-Net,test_154_N_r1c1,0.0228,4.93,4.00,894,1.250,1.155
注意力U-Net,test_155_N_r0c0,0.1279,8.11,7.19,3160,5.260,1.506
注意力U-Net,test_155_N_r0c1,0.0392,5.86,6.00,1233,1.469,1.268
注意力U-Net,test_155_N_r1c0,0.1062,7.56,7.19,2584,2.482,1.441
注意力U-Net,test_155_N_r1c1,0.0469,6.09,5.60,1395,1.200,1.275
注意力U-Net,test_156_N_r0c0,0.0447,6.65,6.39,1304,1.630,1.325
注意力U-Net,test_156_N_r0c1,0.1136,7.70,8.00,2808,4.518,1.470
注意力U-Net,test_156_N_r1c0,0.0737,6.87,6.00,2062,3.243,1.371
注意力U-Net,test_156_N_r1c1,0.1108,7.92,8.00,2595,3.442,1.476
注意力U-Net,test_157_N_r0c0,0.1761,7.89,7.19,4590,6.622,1.517
注意力U-Net,test_157_N_r0c1,0.1002,6.48,6.00,2868,3.990,1.350
注意力U-Net,test_157_N_r1c0,0.1406,7.30,6.39,3715,3.775,1.462
注意力U-Net,test_157_N_r1c1,0.0932,5.61,5.60,3127,4.209,1.363
注意力U-Net,test_158_N_r0c0,0.0700,6.81,6.39,1991,1.641,1.393
注意力U-Net,test_158_N_r0c1,0.1728,8.31,8.00,4157,6.259,1.486
注意力U-Net,test_158_N_r1c0,0.0916,6.96,6.39,2532,3.592,1.369
注意力U-Net,test_158_N_r1c1,0.1615,7.82,7.19,3972,5.758,1.502
注意力U-Net,test_159_N_r0c0,0.0920,6.80,6.00,2619,3.646,1.367
注意力U-Net,test_159_N_r0c1,0.1747,8.13,7.19,4034,5.883,1.495
注意力U-Net,test_159_N_r1c0,0.0807,6.24,5.60,2521,2.076,1.346
注意力U-Net,test_159_N_r1c1,0.1602,8.01,8.39,3685,5.686,1.487
注意力U-Net,test_15_A_r0c0,0.1726,8.24,8.00,4024,6.009,1.508
注意力U-Net,test_15_A_r0c1,0.0825,5.88,5.60,2613,4.130,1.354
注意力U-Net,test_15_A_r1c0,0.1168,8.45,8.00,2547,2.381,1.429
注意力U-Net,test_15_A_r1c1,0.0847,6.74,6.00,2455,3.614,1.375
注意力U-Net,test_160_N_r0c0,0.1868,8.48,8.00,4389,6.663,1.529
注意力U-Net,test_160_N_r0c1,0.0872,6.22,5.60,2575,1.956,1.344
注意力U-Net,test_160_N_r1c0,0.1419,7.56,6.39,3627,5.832,1.457
注意力U-Net,test_160_N_r1c1,0.0993,6.64,6.00,2891,4.319,1.381
注意力U-Net,test_161_N_r0c0,0.0806,6.70,6.39,2332,3.335,1.361
注意力U-Net,test_161_N_r0c1,0.1611,8.73,8.39,3575,4.783,1.496
注意力U-Net,test_161_N_r1c0,0.0835,6.63,6.00,2502,3.711,1.366
注意力U-Net,test_161_N_r1c1,0.1387,8.30,8.39,3195,4.266,1.454
注意力U-Net,test_162_N_r0c0,0.1632,8.48,8.00,3792,5.190,1.504
注意力U-Net,test_162_N_r0c1,0.0663,6.68,6.00,1962,2.243,1.335
注意力U-Net,test_162_N_r1c0,0.1316,7.57,7.19,3415,3.978,1.451
注意力U-Net,test_162_N_r1c1,0.0973,5.96,4.39,3203,4.773,1.365
注意力U-Net,test_163_N_r0c0,0.1262,7.17,7.19,3289,5.019,1.454
注意力U-Net,test_163_N_r0c1,0.0622,6.24,6.00,1876,3.021,1.324
注意力U-Net,test_163_N_r1c0,0.1238,7.86,8.00,3060,4.627,1.471
注意力U-Net,test_163_N_r1c1,0.0767,6.86,6.00,2144,2.959,1.351
注意力U-Net,test_164_N_r0c0,0.0822,6.05,6.00,2591,3.389,1.357
注意力U-Net,test_164_N_r0c1,0.1168,7.85,8.00,2689,4.727,1.450
注意力U-Net,test_164_N_r1c0,0.0627,5.75,6.00,2182,2.238,1.296
注意力U-Net,test_164_N_r1c1,0.1604,8.35,8.39,3713,5.198,1.488
注意力U-Net,test_165_N_r0c0,0.1884,8.94,8.39,4246,5.829,1.521
注意力U-Net,test_165_N_r0c1,0.1125,6.71,6.00,3172,2.892,1.387
注意力U-Net,test_165_N_r1c0,0.1563,7.98,7.19,3842,4.248,1.463
注意力U-Net,test_165_N_r1c1,0.1012,6.21,5.60,3065,3.686,1.366
注意力U-Net,test_166_N_r0c0,0.1050,6.90,5.60,3002,3.903,1.392
注意力U-Net,test_166_N_r0c1,0.1697,8.50,8.79,3715,5.154,1.499
注意力U-Net,test_166_N_r1c0,0.0998,6.82,5.60,2891,3.648,1.388
注意力U-Net,test_166_N_r1c1,0.1496,7.56,7.19,3807,3.808,1.448
注意力U-Net,test_167_N_r0c0,0.1624,8.80,8.39,3620,5.375,1.523
注意力U-Net,test_167_N_r0c1,0.1060,8.07,6.39,2547,3.199,1.401
注意力U-Net,test_167_N_r1c0,0.1162,8.31,8.00,2676,3.307,1.424
注意力U-Net,test_167_N_r1c1,0.0515,5.20,4.39,1864,1.556,1.230
注意力U-Net,test_168_N_r0c0,0.0752,6.00,5.60,2411,2.099,1.332
注意力U-Net,test_168_N_r0c1,0.1483,8.49,8.40,3233,3.946,1.490
注意力U-Net,test_168_N_r1c0,0.0542,5.52,4.39,1918,1.244,1.256
注意力U-Net,test_168_N_r1c1,0.1325,7.48,6.39,3392,3.618,1.451
注意力U-Net,test_169_N_r0c0,0.1019,7.60,7.60,2594,2.611,1.413
注意力U-Net,test_169_N_r0c1,0.1730,8.95,8.39,3526,5.178,1.491
注意力U-Net,test_169_N_r1c0,0.0861,7.05,6.39,2402,4.201,1.382
注意力U-Net,test_169_N_r1c1,0.1358,7.81,8.00,3286,5.487,1.475
注意力U-Net,test_16_A_r0c0,0.1501,9.19,9.99,3049,3.445,1.490
注意力U-Net,test_16_A_r0c1,0.1015,8.06,8.00,2334,3.175,1.407
注意力U-Net,test_16_A_r1c0,0.1392,8.68,8.39,3061,4.008,1.463
注意力U-Net,test_16_A_r1c1,0.0519,5.68,5.60,1732,1.205,1.265
注意力U-Net,test_170_N_r0c0,0.1658,8.39,7.19,3917,5.630,1.507
注意力U-Net,test_170_N_r0c1,0.1107,7.13,6.39,2872,3.479,1.387
注意力U-Net,test_170_N_r1c0,0.1373,7.94,8.00,3423,4.804,1.473
注意力U-Net,test_170_N_r1c1,0.0785,6.29,6.00,2401,4.611,1.347
注意力U-Net,test_171_N_r0c0,0.1038,6.06,6.00,3358,4.354,1.386
注意力U-Net,test_171_N_r0c1,0.1565,8.36,8.40,3383,4.849,1.474
注意力U-Net,test_171_N_r1c0,0.1147,6.18,5.60,3666,5.837,1.400
注意力U-Net,test_171_N_r1c1,0.1743,7.99,7.19,4091,5.454,1.477
注意力U-Net,test_172_N_r0c0,0.1704,8.12,7.19,4091,6.739,1.521
注意力U-Net,test_172_N_r0c1,0.1101,6.21,5.60,3372,3.491,1.386
注意力U-Net,test_172_N_r1c0,0.1464,7.54,6.39,3789,6.190,1.474
注意力U-Net,test_172_N_r1c1,0.1105,6.26,5.60,3417,4.363,1.400
注意力U-Net,test_173_N_r0c0,0.1060,7.06,6.39,2912,4.124,1.395
注意力U-Net,test_173_N_r0c1,0.1772,9.69,9.99,3586,5.452,1.515
注意力U-Net,test_173_N_r1c0,0.0912,6.60,4.39,2829,2.529,1.367
注意力U-Net,test_173_N_r1c1,0.1539,8.90,8.39,3272,4.422,1.473
注意力U-Net,test_174_N_r0c0,0.1722,8.53,8.00,4032,5.639,1.532
注意力U-Net,test_174_N_r0c1,0.1072,6.20,5.60,3220,2.722,1.363
注意力U-Net,test_174_N_r1c0,0.1296,7.92,7.19,3125,3.177,1.471
注意力U-Net,test_174_N_r1c1,0.1026,6.87,6.39,2876,2.436,1.365
注意力U-Net,test_175_N_r0c0,0.1007,6.42,6.00,3049,2.795,1.373
注意力U-Net,test_175_N_r0c1,0.1767,9.36,8.79,3500,3.411,1.532
注意力U-Net,test_175_N_r1c0,0.1186,6.68,4.39,3573,2.675,1.396
注意力U-Net,test_175_N_r1c1,0.1358,9.36,10.00,2749,3.464,1.447
注意力U-Net,test_176_N_r0c0,0.1711,9.01,8.79,3710,4.439,1.517
注意力U-Net,test_176_N_r0c1,0.1350,6.86,6.00,3706,4.935,1.445
注意力U-Net,test_176_N_r1c0,0.1520,8.39,8.00,3544,3.769,1.470
注意力U-Net,test_176_N_r1c1,0.0786,5.79,4.39,2655,2.596,1.323
注意力U-Net,test_177_N_r0c0,0.0852,6.47,6.00,2528,1.865,1.352
注意力U-Net,test_177_N_r0c1,0.2008,8.80,8.40,4331,3.987,1.544
注意力U-Net,test_177_N_r1c0,0.0980,6.96,5.60,2701,1.882,1.360
注意力U-Net,test_177_N_r1c1,0.1736,8.40,7.19,3942,5.299,1.493
注意力U-Net,test_178_N_r0c0,0.1903,8.73,8.39,4291,4.622,1.545
注意力U-Net,test_178_N_r0c1,0.0974,6.62,6.00,2792,2.763,1.376
注意力U-Net,test_178_N_r1c0,0.1602,8.66,8.40,3632,4.454,1.486
注意力U-Net,test_178_N_r1c1,0.1139,7.11,6.00,3066,2.541,1.411
注意力U-Net,test_179_N_r0c0,0.1032,6.06,5.60,3292,4.895,1.382
注意力U-Net,test_179_N_r0c1,0.1682,9.14,8.39,3482,4.551,1.492
注意力U-Net,test_179_N_r1c0,0.1070,6.21,6.00,3410,4.474,1.386
注意力U-Net,test_179_N_r1c1,0.1342,7.41,6.00,3390,4.145,1.441
注意力U-Net,test_17_A_r0c0,0.1429,8.14,7.19,3322,5.411,1.464
注意力U-Net,test_17_A_r0c1,0.1065,6.89,6.39,2898,3.993,1.384
注意力U-Net,test_17_A_r1c0,0.1281,8.07,8.00,3085,2.163,1.482
注意力U-Net,test_17_A_r1c1,0.0849,6.56,6.00,2550,4.202,1.383
注意力U-Net,test_180_N_r0c0,0.1461,7.31,6.39,3770,4.900,1.471
注意力U-Net,test_180_N_r0c1,0.0747,5.62,5.60,2482,3.791,1.318
注意力U-Net,test_180_N_r1c0,0.1292,7.73,8.00,3221,4.670,1.435
注意力U-Net,test_180_N_r1c1,0.0828,5.66,5.60,2865,3.206,1.335
注意力U-Net,test_181_N_r0c0,0.1547,8.52,8.00,3472,3.559,1.481
注意力U-Net,test_181_N_r0c1,0.0772,7.07,7.19,2036,1.740,1.348
注意力U-Net,test_181_N_r1c0,0.1194,8.09,8.40,2797,4.268,1.465
注意力U-Net,test_181_N_r1c1,0.0943,5.98,5.60,2941,3.653,1.365
注意力U-Net,test_182_N_r0c0,0.1003,5.97,5.60,3339,5.228,1.372
注意力U-Net,test_182_N_r0c1,0.1358,7.63,8.00,3496,3.798,1.448
注意力U-Net,test_182_N_r1c0,0.1021,5.95,5.60,3454,5.176,1.382
注意力U-Net,test_182_N_r1c1,0.1330,7.40,7.19,3597,5.409,1.467
注意力U-Net,test_183_N_r0c0,0.1420,7.86,8.00,3627,5.447,1.468
注意力U-Net,test_183_N_r0c1,0.0855,6.99,6.00,2368,3.534,1.366
注意力U-Net,test_183_N_r1c0,0.1127,7.88,8.00,2737,2.946,1.449
注意力U-Net,test_183_N_r1c1,0.0724,5.73,5.60,2317,3.686,1.352
注意力U-Net,test_184_N_r0c0,0.0959,6.02,5.60,3122,4.208,1.375
注意力U-Net,test_184_N_r0c1,0.1549,7.76,6.39,4036,5.591,1.492
注意力U-Net,test_184_N_r1c0,0.0763,5.36,5.60,2833,3.063,1.322
注意力U-Net,test_184_N_r1c1,0.1298,7.26,7.19,3480,4.761,1.459
注意力U-Net,test_185_N_r0c0,0.0803,5.81,5.60,2679,1.971,1.324
注意力U-Net,test_185_N_r0c1,0.1938,8.90,8.79,4074,4.976,1.522
注意力U-Net,test_185_N_r1c0,0.0847,6.47,5.60,2689,3.236,1.359
注意力U-Net,test_185_N_r1c1,0.1753,8.48,8.00,3873,5.026,1.509
注意力U-Net,test_186_N_r0c0,0.1589,8.58,8.39,3643,5.309,1.501
注意力U-Net,test_186_N_r0c1,0.1070,7.25,6.00,2784,3.164,1.387
注意力U-Net,test_186_N_r1c0,0.1355,7.57,7.19,3482,4.827,1.451
注意力U-Net,test_186_N_r1c1,0.1069,6.94,6.00,3031,4.064,1.400
注意力U-Net,test_187_N_r0c0,0.0999,6.42,6.00,2986,3.529,1.388
注意力U-Net,test_187_N_r0c1,0.1762,8.08,7.19,4176,6.177,1.501
注意力U-Net,test_187_N_r1c0,0.0992,6.07,5.60,3154,2.958,1.357
注意力U-Net,test_187_N_r1c1,0.1657,8.18,8.00,3827,4.271,1.479
注意力U-Net,test_188_N_r0c0,0.1713,7.64,6.39,4492,6.133,1.515
注意力U-Net,test_188_N_r0c1,0.0987,5.43,4.39,3402,3.356,1.338
注意力U-Net,test_188_N_r1c0,0.1408,7.68,7.19,3646,3.282,1.443
注意力U-Net,test_188_N_r1c1,0.1036,5.74,4.39,3492,3.181,1.357
注意力U-Net,test_189_N_r0c0,0.0947,6.48,6.00,2884,4.327,1.368
注意力U-Net,test_189_N_r0c1,0.1534,8.19,7.19,3516,4.384,1.463
注意力U-Net,test_189_N_r1c0,0.1074,5.79,4.39,3690,3.882,1.371
注意力U-Net,test_189_N_r1c1,0.1314,7.33,7.19,3287,3.154,1.420
注意力U-Net,test_18_A_r0c0,0.1067,8.56,8.39,2381,3.941,1.440
注意力U-Net,test_18_A_r0c1,0.0390,6.24,5.60,1157,1.395,1.271
注意力U-Net,test_18_A_r1c0,0.0464,7.44,6.39,1159,1.760,1.273
注意力U-Net,test_18_A_r1c1,0.0355,6.73,7.19,962,1.084,1.309
注意力U-Net,test_190_N_r0c0,0.1414,7.60,8.00,3523,5.393,1.461
注意力U-Net,test_190_N_r0c1,0.1084,6.43,5.60,3112,3.347,1.382
注意力U-Net,test_190_N_r1c0,0.1668,8.48,8.00,3972,5.261,1.492
注意力U-Net,test_190_N_r1c1,0.0772,6.02,4.39,2468,2.226,1.319
注意力U-Net,test_191_N_r0c0,0.0975,6.05,4.39,3241,3.717,1.367
注意力U-Net,test_191_N_r0c1,0.1590,8.59,8.39,3517,4.615,1.471
注意力U-Net,test_191_N_r1c0,0.0895,6.20,5.60,2881,2.440,1.371
注意力U-Net,test_191_N_r1c1,0.1231,7.73,6.39,3023,4.001,1.427
注意力U-Net,test_192_N_r0c0,0.1816,8.80,8.79,4161,5.272,1.518
注意力U-Net,test_192_N_r0c1,0.1036,6.22,5.60,3208,3.825,1.352
注意力U-Net,test_192_N_r1c0,0.1283,8.07,8.79,3006,2.380,1.436
注意力U-Net,test_192_N_r1c1,0.0771,5.53,5.60,2609,1.563,1.319
注意力U-Net,test_193_N_r0c0,0.1027,6.22,6.00,3194,4.580,1.376
注意力U-Net,test_193_N_r0c1,0.1716,8.19,8.00,3924,5.756,1.493
注意力U-Net,test_193_N_r1c0,0.0920,5.97,4.39,3128,4.347,1.369
注意力U-Net,test_193_N_r1c1,0.1631,7.80,8.00,3923,5.139,1.463
注意力U-Net,test_194_N_r0c0,0.1735,7.88,7.19,4274,5.516,1.505
注意力U-Net,test_194_N_r0c1,0.0843,5.58,5.60,2797,3.086,1.324
注意力U-Net,test_194_N_r1c0,0.1604,7.69,6.39,4186,6.434,1.495
注意力U-Net,test_194_N_r1c1,0.1041,6.17,5.60,3223,5.363,1.391
注意力U-Net,test_195_N_r0c0,0.1124,5.96,5.60,3718,5.114,1.385
注意力U-Net,test_195_N_r0c1,0.1907,8.50,8.00,4294,5.600,1.529
注意力U-Net,test_195_N_r1c0,0.0794,5.80,5.60,2758,3.289,1.365
注意力U-Net,test_195_N_r1c1,0.1511,8.17,8.00,3567,4.365,1.456
注意力U-Net,test_196_N_r0c0,0.1720,9.52,9.99,3515,4.183,1.504
注意力U-Net,test_196_N_r0c1,0.0872,7.07,7.19,2275,2.852,1.352
注意力U-Net,test_196_N_r1c0,0.1629,10.23,10.39,3011,3.699,1.526
注意力U-Net,test_196_N_r1c1,0.0896,8.29,8.39,2072,2.185,1.417
注意力U-Net,test_197_N_r0c0,0.1850,8.36,8.00,4348,5.070,1.537
注意力U-Net,test_197_N_r0c1,0.0794,7.25,7.19,1932,1.877,1.360
注意力U-Net,test_197_N_r1c0,0.1400,7.41,6.39,3612,4.910,1.476
注意力U-Net,test_197_N_r1c1,0.1187,6.94,6.00,3257,2.799,1.420
注意力U-Net,test_198_N_r0c0,0.1023,5.72,5.60,3518,4.360,1.382
注意力U-Net,test_198_N_r0c1,0.1660,7.76,8.00,3937,5.887,1.502
注意力U-Net,test_198_N_r1c0,0.0986,5.79,5.60,3323,4.886,1.367
注意力U-Net,test_198_N_r1c1,0.1641,7.71,6.39,3962,4.493,1.480
注意力U-Net,test_199_N_r0c0,0.1840,8.90,8.79,4000,6.112,1.525
注意力U-Net,test_199_N_r0c1,0.0993,6.77,6.00,2762,2.654,1.365
注意力U-Net,test_199_N_r1c0,0.1595,9.18,9.99,3477,5.829,1.479
注意力U-Net,test_199_N_r1c1,0.0988,6.90,6.00,2721,3.475,1.400
注意力U-Net,test_19_A_r0c0,0.0809,6.85,6.00,2219,1.772,1.375
注意力U-Net,test_19_A_r0c1,0.1422,8.22,8.79,3153,4.052,1.460
注意力U-Net,test_19_A_r1c0,0.0121,4.21,4.00,556,1.344,1.134
注意力U-Net,test_19_A_r1c1,0.1087,8.89,8.00,2429,4.018,1.467
注意力U-Net,test_1_A_r0c0,0.1024,7.12,6.39,2761,4.029,1.396
注意力U-Net,test_1_A_r0c1,0.1901,8.49,8.00,4187,6.412,1.533
注意力U-Net,test_1_A_r1c0,0.1187,7.15,7.19,3254,4.720,1.409
注意力U-Net,test_1_A_r1c1,0.1786,8.32,8.39,3967,5.425,1.512
注意力U-Net,test_200_N_r0c0,0.1053,6.29,5.60,3365,3.111,1.393
注意力U-Net,test_200_N_r0c1,0.1602,8.64,8.00,3560,3.998,1.487
注意力U-Net,test_200_N_r1c0,0.1146,6.50,6.00,3498,4.828,1.433
注意力U-Net,test_200_N_r1c1,0.1561,9.17,8.79,3266,4.291,1.492
注意力U-Net,test_20_A_r0c0,0.1627,7.93,6.39,4019,5.022,1.487
注意力U-Net,test_20_A_r0c1,0.1010,6.35,5.60,3053,4.205,1.376
注意力U-Net,test_20_A_r1c0,0.1443,7.41,6.39,3750,5.263,1.464
注意力U-Net,test_20_A_r1c1,0.1126,6.29,5.60,3479,5.137,1.375
注意力U-Net,test_21_A_r0c0,0.1412,8.53,8.00,3176,4.755,1.502
注意力U-Net,test_21_A_r0c1,0.0610,6.72,6.39,1687,2.083,1.335
注意力U-Net,test_21_A_r1c0,0.1057,8.11,8.00,2423,3.062,1.423
注意力U-Net,test_21_A_r1c1,0.0664,6.33,6.00,2056,2.565,1.316
注意力U-Net,test_22_A_r0c0,0.0795,5.32,4.39,2886,3.819,1.317
注意力U-Net,test_22_A_r0c1,0.1574,7.59,6.00,3991,3.433,1.460
注意力U-Net,test_22_A_r1c0,0.0991,6.60,6.00,2958,4.913,1.381
注意力U-Net,test_22_A_r1c1,0.1514,7.68,8.00,3792,4.893,1.464
注意力U-Net,test_23_A_r0c0,0.0795,5.21,4.39,2942,3.668,1.311
注意力U-Net,test_23_A_r0c1,0.1600,7.69,6.00,4013,3.480,1.470
注意力U-Net,test_23_A_r1c0,0.0996,6.51,6.00,2998,4.499,1.372
注意力U-Net,test_23_A_r1c1,0.1505,7.64,8.00,3808,4.831,1.458
注意力U-Net,test_24_A_r0c0,0.1287,8.72,8.40,2734,3.847,1.483
注意力U-Net,test_24_A_r0c1,0.0580,6.32,6.00,1729,2.683,1.313
注意力U-Net,test_24_A_r1c0,0.0799,7.88,8.00,1925,2.515,1.373
注意力U-Net,test_24_A_r1c1,0.0559,7.85,8.00,1345,2.674,1.374
注意力U-Net,test_25_A_r0c0,0.0716,5.70,5.60,2404,3.633,1.331
注意力U-Net,test_25_A_r0c1,0.1467,7.06,6.00,4099,6.091,1.488
注意力U-Net,test_25_A_r1c0,0.0687,6.15,6.00,2143,3.300,1.320
注意力U-Net,test_25_A_r1c1,0.1024,7.43,6.39,2598,3.635,1.434
注意力U-Net,test_26_A_r0c0,0.1119,6.73,6.00,3196,4.288,1.414
注意力U-Net,test_26_A_r0c1,0.1776,8.81,8.39,3834,6.107,1.521
注意力U-Net,test_26_A_r1c0,0.0946,6.49,5.60,2813,4.036,1.356
注意力U-Net,test_26_A_r1c1,0.1453,8.55,8.79,3174,4.137,1.449
注意力U-Net,test_27_A_r0c0,0.0230,6.85,6.39,609,0.987,1.325
注意力U-Net,test_27_A_r0c1,0.1167,9.92,8.79,2123,1.978,1.456
注意力U-Net,test_27_A_r1c0,0.0089,11.02,11.20,147,1.001,1.389
注意力U-Net,test_27_A_r1c1,0.0720,9.84,10.00,1314,1.265,1.390
注意力U-Net,test_28_A_r0c0,0.0486,6.51,5.60,1387,1.693,1.305
注意力U-Net,test_28_A_r0c1,0.1677,8.81,8.39,3594,5.466,1.527
注意力U-Net,test_28_A_r1c0,0.0960,7.18,7.19,2632,2.570,1.385
注意力U-Net,test_28_A_r1c1,0.1192,8.82,8.79,2452,1.855,1.425
注意力U-Net,test_29_A_r0c0,0.1600,8.35,8.00,3691,4.765,1.522
注意力U-Net,test_29_A_r0c1,0.0540,6.07,6.00,1684,1.366,1.265
注意力U-Net,test_29_A_r1c0,0.0916,7.69,7.19,2228,2.649,1.410
注意力U-Net,test_29_A_r1c1,0.1022,6.49,6.00,3037,3.831,1.387
注意力U-Net,test_2_A_r0c0,0.1043,5.62,4.39,3525,6.183,1.389
注意力U-Net,test_2_A_r0c1,0.1509,7.13,6.00,3889,4.878,1.454
注意力U-Net,test_2_A_r1c0,0.1075,5.96,5.60,3540,4.158,1.388
注意力U-Net,test_2_A_r1c1,0.1436,7.58,7.19,3613,4.900,1.483
注意力U-Net,test_30_A_r0c0,0.1122,7.40,7.19,2903,2.686,1.448
注意力U-Net,test_30_A_r0c1,0.0216,3.84,4.00,1077,2.197,1.195
注意力U-Net,test_30_A_r1c0,0.1507,8.29,8.79,3489,4.630,1.470
注意力U-Net,test_30_A_r1c1,0.1121,6.32,5.60,3470,4.747,1.405
注意力U-Net,test_31_A_r0c0,0.1610,7.93,6.00,3900,4.764,1.487
注意力U-Net,test_31_A_r0c1,0.1179,6.17,5.60,3588,4.962,1.383
注意力U-Net,test_31_A_r1c0,0.1430,7.78,7.19,3632,5.533,1.476
注意力U-Net,test_31_A_r1c1,0.0918,6.28,5.60,2953,3.735,1.368
注意力U-Net,test_32_A_r0c0,0.1589,7.85,6.39,4083,5.589,1.484
注意力U-Net,test_32_A_r0c1,0.1024,6.28,5.60,3129,5.125,1.382
注意力U-Net,test_32_A_r1c0,0.1427,7.77,8.00,3366,4.394,1.446
注意力U-Net,test_32_A_r1c1,0.0910,6.06,6.00,2929,4.872,1.351
注意力U-Net,test_33_A_r0c0,0.2150,7.93,7.19,5234,7.133,1.560
注意力U-Net,test_33_A_r0c1,0.1356,6.18,5.60,4291,5.473,1.410
注意力U-Net,test_33_A_r1c0,0.1867,8.20,8.40,4364,5.732,1.511
注意力U-Net,test_33_A_r1c1,0.1312,5.97,5.60,4348,4.360,1.413
注意力U-Net,test_34_A_r0c0,0.1592,9.50,9.99,3231,4.807,1.511
注意力U-Net,test_34_A_r0c1,0.0947,8.00,7.19,2209,4.030,1.410
注意力U-Net,test_34_A_r1c0,0.1161,9.38,8.79,2364,3.807,1.476
注意力U-Net,test_34_A_r1c1,0.0717,7.31,7.19,1884,2.568,1.336
注意力U-Net,test_35_A_r0c0,0.1621,7.91,8.00,3832,6.738,1.491
注意力U-Net,test_35_A_r0c1,0.0996,5.75,5.60,3207,3.997,1.340
注意力U-Net,test_35_A_r1c0,0.1522,7.81,7.19,3627,3.514,1.473
注意力U-Net,test_35_A_r1c1,0.1052,5.73,5.60,3544,4.450,1.372
注意力U-Net,test_36_A_r0c0,0.1114,6.55,6.00,3297,3.054,1.403
注意力U-Net,test_36_A_r0c1,0.1572,8.54,8.39,3498,5.671,1.504
注意力U-Net,test_36_A_r1c0,0.1099,6.44,5.60,3391,4.965,1.411
注意力U-Net,test_36_A_r1c1,0.1288,7.94,8.39,2968,4.131,1.439
注意力U-Net,test_37_A_r0c0,0.0486,7.64,8.00,1141,1.330,1.340
注意力U-Net,test_37_A_r0c1,0.0320,7.72,8.00,746,0.972,1.261
注意力U-Net,test_37_A_r1c0,0.0513,8.04,8.00,1290,2.638,1.380
注意力U-Net,test_37_A_r1c1,0.0728,10.99,11.39,1214,2.044,1.433
注意力U-Net,test_38_A_r0c0,0.1216,9.26,9.99,2442,2.397,1.476
注意力U-Net,test_38_A_r0c1,0.0996,7.04,6.39,2651,2.927,1.409
注意力U-Net,test_38_A_r1c0,0.0954,8.04,7.19,2291,2.855,1.392
注意力U-Net,test_38_A_r1c1,0.0540,5.48,5.60,1881,1.268,1.286
注意力U-Net,test_39_A_r0c0,0.1436,7.58,6.39,3706,5.658,1.479
注意力U-Net,test_39_A_r0c1,0.0888,6.70,6.00,2404,3.590,1.370
注意力U-Net,test_39_A_r1c0,0.1153,7.51,8.00,2904,3.253,1.418
注意力U-Net,test_39_A_r1c1,0.0763,6.09,5.60,2448,3.076,1.311
注意力U-Net,test_3_A_r0c0,0.2178,8.24,8.00,5068,6.892,1.567
注意力U-Net,test_3_A_r0c1,0.1251,6.24,6.00,3823,3.991,1.396
注意力U-Net,test_3_A_r1c0,0.2009,8.28,8.40,4785,5.784,1.523
注意力U-Net,test_3_A_r1c1,0.1299,6.24,5.60,4091,3.506,1.424
注意力U-Net,test_40_A_r0c0,0.1311,7.61,7.19,3242,4.951,1.430
注意力U-Net,test_40_A_r0c1,0.0718,6.10,6.00,2200,3.370,1.347
注意力U-Net,test_40_A_r1c0,0.1115,7.79,8.00,2818,4.239,1.417
注意力U-Net,test_40_A_r1c1,0.0583,5.95,6.00,1945,2.245,1.314
注意力U-Net,test_41_A_r0c0,0.1581,9.91,9.99,3005,4.068,1.503
注意力U-Net,test_41_A_r0c1,0.0623,6.08,6.00,1914,1.538,1.282
注意力U-Net,test_41_A_r1c0,0.1359,8.66,8.39,2982,3.574,1.451
注意力U-Net,test_41_A_r1c1,0.0925,6.64,6.00,2718,2.642,1.392
注意力U-Net,test_42_A_r0c0,0.1123,6.36,6.00,3461,5.720,1.426
注意力U-Net,test_42_A_r0c1,0.1363,7.84,7.19,3279,4.268,1.445
注意力U-Net,test_42_A_r1c0,0.0715,5.68,4.39,2459,2.483,1.323
注意力U-Net,test_42_A_r1c1,0.1175,7.93,7.19,2821,3.125,1.434
注意力U-Net,test_43_A_r0c0,0.0811,7.01,6.39,2189,2.511,1.364
注意力U-Net,test_43_A_r0c1,0.1159,6.70,6.00,3234,5.028,1.422
注意力U-Net,test_43_A_r1c0,0.0592,5.21,4.39,2212,2.388,1.293
注意力U-Net,test_43_A_r1c1,0.1026,6.04,5.60,3280,5.378,1.409
注意力U-Net,test_44_A_r0c0,0.1080,7.13,6.00,2920,2.177,1.402
注意力U-Net,test_44_A_r0c1,0.1780,9.12,8.39,3700,5.901,1.511
注意力U-Net,test_44_A_r1c0,0.1026,6.25,5.60,3243,4.494,1.414
注意力U-Net,test_44_A_r1c1,0.1591,8.38,8.39,3577,4.631,1.487
注意力U-Net,test_45_A_r0c0,0.0739,6.31,6.00,2279,3.218,1.365
注意力U-Net,test_45_A_r0c1,0.1422,7.72,6.39,3561,4.615,1.440
注意力U-Net,test_45_A_r1c0,0.0532,5.96,5.60,1743,2.651,1.321
注意力U-Net,test_45_A_r1c1,0.0794,7.13,7.19,2023,3.237,1.424
注意力U-Net,test_46_A_r0c0,0.1005,7.53,8.00,2563,3.996,1.408
注意力U-Net,test_46_A_r0c1,0.1484,8.73,8.00,3213,5.523,1.488
注意力U-Net,test_46_A_r1c0,0.0463,5.98,5.60,1460,2.313,1.263
注意力U-Net,test_46_A_r1c1,0.0743,8.11,8.39,1687,2.339,1.383
注意力U-Net,test_47_A_r0c0,0.0012,2.40,2.00,93,0.985,0.806
注意力U-Net,test_47_A_r0c1,0.1173,7.20,7.19,2977,3.698,1.418
注意力U-Net,test_47_A_r1c0,0.0588,6.63,6.39,1728,3.544,1.326
注意力U-Net,test_47_A_r1c1,0.1341,7.69,7.19,3274,3.710,1.435
注意力U-Net,test_48_A_r0c0,0.1589,7.85,6.39,4083,5.589,1.484
注意力U-Net,test_48_A_r0c1,0.1024,6.28,5.60,3129,5.125,1.382
注意力U-Net,test_48_A_r1c0,0.1427,7.77,8.00,3366,4.394,1.446
注意力U-Net,test_48_A_r1c1,0.0910,6.06,6.00,2929,4.872,1.351
注意力U-Net,test_49_A_r0c0,0.1231,6.83,6.00,3524,3.853,1.427
注意力U-Net,test_49_A_r0c1,0.1559,8.36,8.39,3549,3.214,1.468
注意力U-Net,test_49_A_r1c0,0.0905,5.88,5.60,2998,3.613,1.359
注意力U-Net,test_49_A_r1c1,0.1310,7.31,6.39,3243,3.523,1.418
注意力U-Net,test_4_A_r0c0,0.0920,6.90,6.00,2466,4.604,1.392
注意力U-Net,test_4_A_r0c1,0.1455,7.94,7.19,3454,5.477,1.470
注意力U-Net,test_4_A_r1c0,0.0791,6.02,5.60,2576,4.023,1.336
注意力U-Net,test_4_A_r1c1,0.1254,7.93,8.00,3030,4.631,1.450
注意力U-Net,test_50_A_r0c0,0.1394,8.68,8.00,2995,4.292,1.469
注意力U-Net,test_50_A_r0c1,0.0729,6.22,6.00,2223,3.946,1.323
注意力U-Net,test_50_A_r1c0,0.1108,7.95,7.19,2737,5.030,1.458
注意力U-Net,test_50_A_r1c1,0.0980,6.47,5.60,2904,4.000,1.373
注意力U-Net,test_51_D_r0c0,0.0042,3.67,4.00,211,0.960,1.054
注意力U-Net,test_51_D_r0c1,0.0445,7.97,8.00,1036,1.478,1.347
注意力U-Net,test_51_D_r1c0,0.0308,7.87,8.39,730,2.246,1.304
注意力U-Net,test_51_D_r1c1,0.0194,10.24,11.20,335,1.047,1.361
注意力U-Net,test_52_D_r0c0,0.0923,6.52,6.00,2678,4.180,1.377
注意力U-Net,test_52_D_r0c1,0.0781,6.36,5.60,2175,3.396,1.389
注意力U-Net,test_52_D_r1c0,0.0157,4.06,4.00,768,1.360,1.086
注意力U-Net,test_52_D_r1c1,0.0521,6.78,6.39,1459,1.164,1.325
注意力U-Net,test_53_D_r0c0,0.1226,9.77,9.99,2434,4.158,1.468
注意力U-Net,test_53_D_r0c1,0.0626,7.91,7.19,1489,2.635,1.378
注意力U-Net,test_53_D_r1c0,0.0915,8.88,8.40,1948,3.667,1.485
注意力U-Net,test_53_D_r1c1,0.0454,8.68,8.79,950,2.605,1.431
注意力U-Net,test_54_D_r0c0,0.1072,5.63,5.60,3573,4.068,1.375
注意力U-Net,test_54_D_r0c1,0.1441,7.91,6.39,3424,4.970,1.453
注意力U-Net,test_54_D_r1c0,0.1082,6.16,5.60,3640,5.593,1.402
注意力U-Net,test_54_D_r1c1,0.1374,7.64,8.39,3341,3.955,1.435
注意力U-Net,test_55_D_r0c0,0.0270,7.01,6.00,712,1.032,1.254
注意力U-Net,test_55_D_r0c1,0.0905,8.86,9.99,1862,3.254,1.425
注意力U-Net,test_55_D_r1c0,0.0053,6.58,7.19,149,0.988,1.306
注意力U-Net,test_55_D_r1c1,0.0672,8.43,8.39,1530,2.272,1.398
注意力U-Net,test_56_D_r0c0,0.1448,10.03,9.99,2740,4.391,1.503
注意力U-Net,test_56_D_r0c1,0.1041,7.52,7.19,2598,4.516,1.400
注意力U-Net,test_56_D_r1c0,0.1370,9.29,8.79,2831,3.503,1.469
注意力U-Net,test_56_D_r1c1,0.0859,6.75,6.00,2493,3.155,1.377
注意力U-Net,test_57_D_r0c0,0.0171,7.10,7.19,466,1.055,1.262
注意力U-Net,test_57_D_r0c1,0.0532,7.17,6.00,1511,2.187,1.351
注意力U-Net,test_57_D_r1c0,0.0476,7.82,8.00,1191,1.893,1.348
注意力U-Net,test_57_D_r1c1,0.0569,7.90,7.19,1379,1.716,1.370
注意力U-Net,test_58_D_r0c0,0.0785,6.35,6.00,2369,3.551,1.367
注意力U-Net,test_58_D_r0c1,0.1380,7.92,7.19,3341,3.458,1.473
注意力U-Net,test_58_D_r1c0,0.0843,6.81,6.00,2370,2.600,1.357
注意力U-Net,test_58_D_r1c1,0.1194,8.00,8.00,2755,3.832,1.444
注意力U-Net,test_59_D_r0c0,0.1484,8.83,8.00,3189,5.050,1.500
注意力U-Net,test_59_D_r0c1,0.1091,7.17,6.39,2856,3.672,1.394
注意力U-Net,test_59_D_r1c0,0.1256,8.25,7.19,3014,3.617,1.455
注意力U-Net,test_59_D_r1c1,0.0931,6.81,6.00,2679,4.475,1.385
注意力U-Net,test_5_A_r0c0,0.1298,6.84,6.00,3617,5.321,1.424
注意力U-Net,test_5_A_r0c1,0.2014,8.80,8.39,4246,5.780,1.525
注意力U-Net,test_5_A_r1c0,0.1038,6.14,5.60,3307,4.350,1.380
注意力U-Net,test_5_A_r1c1,0.1597,8.36,8.00,3669,4.710,1.479
注意力U-Net,test_60_D_r0c0,0.0716,5.83,5.60,2255,2.229,1.316
注意力U-Net,test_60_D_r0c1,0.1426,8.06,7.60,3274,4.926,1.466
注意力U-Net,test_60_D_r1c0,0.0918,6.39,6.00,2814,4.043,1.373
注意力U-Net,test_60_D_r1c1,0.1220,8.66,8.39,2677,4.349,1.433
注意力U-Net,test_61_D_r0c0,0.0766,7.84,8.00,1839,2.908,1.416
注意力U-Net,test_61_D_r0c1,0.0246,5.05,4.39,930,1.141,1.185
注意力U-Net,test_61_D_r1c0,0.0713,9.06,8.40,1436,2.019,1.424
注意力U-Net,test_61_D_r1c1,0.0455,7.15,6.39,1231,2.129,1.308
注意力U-Net,test_62_D_r0c0,0.0994,8.48,8.00,2229,2.746,1.432
注意力U-Net,test_62_D_r0c1,0.0402,7.30,8.00,1018,1.648,1.368
注意力U-Net,test_62_D_r1c0,0.0908,8.81,8.00,2010,1.614,1.448
注意力U-Net,test_62_D_r1c1,0.0716,8.05,8.00,1735,2.553,1.383
注意力U-Net,test_63_D_r0c0,0.1483,9.77,9.99,2828,2.935,1.475
注意力U-Net,test_63_D_r0c1,0.0778,6.93,6.39,2090,2.581,1.361
注意力U-Net,test_63_D_r1c0,0.1363,8.96,8.40,2871,1.974,1.452
注意力U-Net,test_63_D_r1c1,0.0910,8.24,8.40,2088,3.251,1.405
注意力U-Net,test_64_D_r0c0,0.0770,6.74,6.00,2254,4.467,1.392
注意力U-Net,test_64_D_r0c1,0.1789,8.42,8.00,4111,5.907,1.519
注意力U-Net,test_64_D_r1c0,0.0497,7.52,8.00,1276,1.989,1.366
注意力U-Net,test_64_D_r1c1,0.1316,9.40,8.79,2604,3.711,1.455
注意力U-Net,test_65_D_r0c0,0.0745,8.17,8.00,1766,2.843,1.369
注意力U-Net,test_65_D_r0c1,0.1501,10.56,11.20,2658,3.699,1.503
注意力U-Net,test_65_D_r1c0,0.0925,7.63,7.19,2375,3.243,1.405
注意力U-Net,test_65_D_r1c1,0.1239,10.10,9.99,2327,3.688,1.461
注意力U-Net,test_66_D_r0c0,0.1169,10.38,10.79,2102,2.760,1.516
注意力U-Net,test_66_D_r0c1,0.0725,8.04,8.00,1700,3.012,1.375
注意力U-Net,test_66_D_r1c0,0.0939,9.69,9.99,1822,2.681,1.471
注意力U-Net,test_66_D_r1c1,0.0432,7.57,7.19,1084,1.093,1.332
注意力U-Net,test_67_D_r0c0,0.0628,6.61,6.00,1812,2.049,1.338
注意力U-Net,test_67_D_r0c1,0.1237,7.47,7.19,3217,5.612,1.506
注意力U-Net,test_67_D_r1c0,0.0597,6.42,5.60,1816,1.880,1.310
注意力U-Net,test_67_D_r1c1,0.1167,7.35,6.39,3036,3.450,1.466
注意力U-Net,test_68_D_r0c0,0.1337,8.67,8.39,2895,4.955,1.469
注意力U-Net,test_68_D_r0c1,0.0688,6.47,6.00,2031,3.584,1.330
注意力U-Net,test_68_D_r1c0,0.1310,7.66,7.19,3393,4.089,1.443
注意力U-Net,test_68_D_r1c1,0.0914,6.09,6.00,2991,3.654,1.388
注意力U-Net,test_69_D_r0c0,0.1465,8.87,8.00,3263,4.855,1.490
注意力U-Net,test_69_D_r0c1,0.1032,6.45,6.00,2958,5.263,1.376
注意力U-Net,test_69_D_r1c0,0.1427,8.15,8.39,3425,4.945,1.478
注意力U-Net,test_69_D_r1c1,0.0948,6.23,6.00,2914,4.198,1.365
注意力U-Net,test_6_A_r0c0,0.0977,6.12,4.39,2981,2.492,1.370
注意力U-Net,test_6_A_r0c1,0.1393,8.05,8.00,3287,5.082,1.473
注意力U-Net,test_6_A_r1c0,0.0876,6.62,5.60,2566,3.251,1.386
注意力U-Net,test_6_A_r1c1,0.1227,7.57,7.19,2993,4.662,1.431
注意力U-Net,test_70_D_r0c0,0.1527,9.28,8.40,3165,4.560,1.490
注意力U-Net,test_70_D_r0c1,0.0812,6.65,5.60,2276,3.683,1.337
注意力U-Net,test_70_D_r1c0,0.1223,8.77,8.40,2581,2.483,1.450
注意力U-Net,test_70_D_r1c1,0.0772,5.95,5.60,2418,3.762,1.338
注意力U-Net,test_71_D_r0c0,0.0656,6.02,5.60,2004,2.740,1.344
注意力U-Net,test_71_D_r0c1,0.0504,5.68,5.60,1657,1.407,1.300
注意力U-Net,test_71_D_r1c0,0.0755,7.47,7.19,2006,2.739,1.346
注意力U-Net,test_71_D_r1c1,0.0491,5.50,5.60,1725,2.363,1.277
注意力U-Net,test_72_D_r0c0,0.1276,8.56,8.39,2782,4.221,1.461
注意力U-Net,test_72_D_r0c1,0.0911,6.47,6.00,2600,3.742,1.354
注意力U-Net,test_72_D_r1c0,0.1083,7.68,7.19,2782,4.712,1.424
注意力U-Net,test_72_D_r1c1,0.0739,5.80,4.39,2484,3.878,1.367
注意力U-Net,test_73_D_r0c0,0.1466,9.18,9.99,3000,4.734,1.482
注意力U-Net,test_73_D_r0c1,0.0864,6.36,6.00,2573,3.804,1.344
注意力U-Net,test_73_D_r1c0,0.1189,8.77,8.79,2540,3.027,1.433
注意力U-Net,test_73_D_r1c1,0.0937,6.67,6.00,2824,5.028,1.371
注意力U-Net,test_74_D_r0c0,0.0937,6.65,6.00,2607,4.394,1.368
注意力U-Net,test_74_D_r0c1,0.1555,8.52,8.39,3504,5.093,1.483
注意力U-Net,test_74_D_r1c0,0.0851,6.69,6.00,2569,3.676,1.360
注意力U-Net,test_74_D_r1c1,0.1363,8.62,8.40,3054,4.465,1.448
注意力U-Net,test_75_D_r0c0,0.0746,5.95,5.60,2430,3.955,1.344
注意力U-Net,test_75_D_r0c1,0.1528,7.57,8.00,3851,5.485,1.462
注意力U-Net,test_75_D_r1c0,0.0982,6.51,6.00,2906,4.750,1.383
注意力U-Net,test_75_D_r1c1,0.1277,7.40,6.00,3246,5.587,1.462
注意力U-Net,test_76_D_r0c0,0.0951,8.21,8.39,2141,2.093,1.432
注意力U-Net,test_76_D_r0c1,0.0264,6.72,5.60,734,2.941,1.344
注意力U-Net,test_76_D_r1c0,0.0428,6.83,6.00,1173,1.650,1.313
注意力U-Net,test_76_D_r1c1,0.0282,8.57,9.99,637,1.271,1.309
注意力U-Net,test_77_D_r0c0,0.0849,6.15,6.00,2626,2.401,1.369
注意力U-Net,test_77_D_r0c1,0.1469,7.57,6.39,3688,4.093,1.459
注意力U-Net,test_77_D_r1c0,0.0910,6.36,6.00,2793,3.540,1.368
注意力U-Net,test_77_D_r1c1,0.1168,7.09,6.00,3066,3.071,1.392
注意力U-Net,test_78_D_r0c0,0.0284,7.08,7.19,742,1.116,1.280
注意力U-Net,test_78_D_r0c1,0.0769,8.85,8.39,1656,2.530,1.409
注意力U-Net,test_78_D_r1c0,0.0564,6.27,6.00,1793,2.025,1.299
注意力U-Net,test_78_D_r1c1,0.0519,6.22,6.00,1562,0.988,1.262
注意力U-Net,test_79_D_r0c0,0.1454,9.36,8.40,3039,4.735,1.500
注意力U-Net,test_79_D_r0c1,0.0762,6.85,7.19,2032,2.978,1.341
注意力U-Net,test_79_D_r1c0,0.1451,9.23,8.79,3144,3.643,1.480
注意力U-Net,test_79_D_r1c1,0.0895,7.07,6.00,2377,2.882,1.345
注意力U-Net,test_7_A_r0c0,0.1553,6.83,6.00,4314,5.288,1.479
注意力U-Net,test_7_A_r0c1,0.0864,5.36,4.39,3060,2.801,1.339
注意力U-Net,test_7_A_r1c0,0.1125,7.74,8.00,2767,3.826,1.428
注意力U-Net,test_7_A_r1c1,0.1074,6.00,5.60,3439,4.708,1.383
注意力U-Net,test_80_D_r0c0,0.0593,7.20,8.00,1538,2.219,1.383
注意力U-Net,test_80_D_r0c1,0.1456,8.96,8.79,3073,4.810,1.488
注意力U-Net,test_80_D_r1c0,0.0599,6.38,5.60,1849,2.544,1.308
注意力U-Net,test_80_D_r1c1,0.1222,8.53,8.40,2722,2.981,1.464
注意力U-Net,test_81_D_r0c0,0.0895,6.26,5.60,2752,4.084,1.357
注意力U-Net,test_81_D_r0c1,0.1371,7.58,7.19,3377,4.949,1.472
注意力U-Net,test_81_D_r1c0,0.0802,5.46,4.39,2864,4.530,1.352
注意力U-Net,test_81_D_r1c1,0.1113,7.80,7.19,2672,4.202,1.435
注意力U-Net,test_82_D_r0c0,0.0778,6.99,6.00,2081,1.856,1.436
注意力U-Net,test_82_D_r0c1,0.0424,6.43,6.00,1228,1.185,1.264
注意力U-Net,test_82_D_r1c0,0.0421,6.39,5.60,1184,1.827,1.316
注意力U-Net,test_82_D_r1c1,0.0331,6.22,6.00,989,1.994,1.287
注意力U-Net,test_83_D_r0c0,0.1020,7.88,7.19,2468,2.166,1.408
注意力U-Net,test_83_D_r0c1,0.1353,9.67,10.00,2556,1.746,1.468
注意力U-Net,test_83_D_r1c0,0.0520,6.79,6.39,1453,2.312,1.337
注意力U-Net,test_83_D_r1c1,0.1176,8.50,8.00,2677,3.166,1.438
注意力U-Net,test_84_D_r0c0,0.1117,7.18,6.39,2931,3.822,1.413
注意力U-Net,test_84_D_r0c1,0.1601,8.17,8.00,3689,3.238,1.513
注意力U-Net,test_84_D_r1c0,0.0791,6.39,6.00,2410,4.103,1.347
注意力U-Net,test_84_D_r1c1,0.1057,7.36,6.39,2667,1.730,1.402
注意力U-Net,test_85_D_r0c0,0.0918,7.27,6.39,2359,2.876,1.391
注意力U-Net,test_85_D_r0c1,0.1374,8.12,7.19,3220,3.243,1.491
注意力U-Net,test_85_D_r1c0,0.0828,6.68,6.00,2417,3.822,1.387
注意力U-Net,test_85_D_r1c1,0.0974,7.75,7.19,2323,1.499,1.394
注意力U-Net,test_86_D_r0c0,0.0591,5.94,5.60,1945,1.778,1.312
注意力U-Net,test_86_D_r0c1,0.1434,8.66,8.39,3172,4.794,1.494
注意力U-Net,test_86_D_r1c0,0.0764,5.98,5.60,2489,3.497,1.327
注意力U-Net,test_86_D_r1c1,0.1103,7.24,6.00,2898,3.364,1.439
注意力U-Net,test_87_D_r0c0,0.0681,7.21,7.19,1798,1.503,1.354
注意力U-Net,test_87_D_r0c1,0.1717,9.56,9.99,3523,5.318,1.527
注意力U-Net,test_87_D_r1c0,0.0848,6.93,6.39,2393,2.792,1.377
注意力U-Net,test_87_D_r1c1,0.1513,9.05,8.39,3118,4.922,1.498
注意力U-Net,test_88_D_r0c0,0.0923,6.64,6.00,2683,1.843,1.381
注意力U-Net,test_88_D_r0c1,0.1576,8.78,8.39,3385,4.197,1.501
注意力U-Net,test_88_D_r1c0,0.0550,6.51,6.39,1624,2.230,1.327
注意力U-Net,test_88_D_r1c1,0.1337,9.54,9.99,2651,3.262,1.482
注意力U-Net,test_89_D_r0c0,0.0987,5.98,5.60,3133,3.094,1.363
注意力U-Net,test_89_D_r0c1,0.1353,7.71,7.19,3331,3.626,1.431
注意力U-Net,test_89_D_r1c0,0.0969,5.87,4.39,3258,3.957,1.378
注意力U-Net,test_89_D_r1c1,0.1135,7.67,7.19,2775,3.186,1.406
注意力U-Net,test_8_A_r0c0,0.1380,6.58,6.00,3978,5.545,1.473
注意力U-Net,test_8_A_r0c1,0.0471,5.35,4.39,1679,1.698,1.247
注意力U-Net,test_8_A_r1c0,0.0989,6.73,6.00,2704,2.752,1.390
注意力U-Net,test_8_A_r1c1,0.0693,5.98,6.00,2229,3.735,1.339
注意力U-Net,test_90_D_r0c0,0.1445,8.11,8.00,3302,4.881,1.478
注意力U-Net,test_90_D_r0c1,0.0614,6.14,6.00,1878,3.396,1.338
注意力U-Net,test_90_D_r1c0,0.1150,7.30,7.19,3145,4.455,1.449
注意力U-Net,test_90_D_r1c1,0.0680,6.93,7.19,1899,2.331,1.337
注意力U-Net,test_91_D_r0c0,0.0950,7.71,8.00,2312,3.326,1.425
注意力U-Net,test_91_D_r0c1,0.1380,9.97,9.99,2633,3.820,1.471
注意力U-Net,test_91_D_r1c0,0.0677,7.31,7.19,1813,2.584,1.357
注意力U-Net,test_91_D_r1c1,0.1423,9.30,8.39,2988,5.213,1.478
注意力U-Net,test_92_D_r0c0,0.0665,6.84,6.00,1807,2.708,1.359
注意力U-Net,test_92_D_r0c1,0.1575,8.56,8.40,3555,5.182,1.493
注意力U-Net,test_92_D_r1c0,0.0768,5.79,5.60,2577,2.103,1.351
注意力U-Net,test_92_D_r1c1,0.1486,8.08,8.00,3546,3.786,1.479
注意力U-Net,test_93_D_r0c0,0.1504,10.27,9.99,2793,3.684,1.524
注意力U-Net,test_93_D_r0c1,0.0800,6.80,6.00,2188,2.857,1.359
注意力U-Net,test_93_D_r1c0,0.1235,9.10,8.00,2627,2.903,1.472
注意力U-Net,test_93_D_r1c1,0.0663,6.37,5.60,2001,1.810,1.310
注意力U-Net,test_94_D_r0c0,0.1647,8.75,8.00,3658,5.109,1.546
注意力U-Net,test_94_D_r0c1,0.0832,7.22,7.19,2172,2.757,1.364
注意力U-Net,test_94_D_r1c0,0.0801,7.32,6.00,2125,2.322,1.381
注意力U-Net,test_94_D_r1c1,0.0092,4.05,4.00,441,0.979,1.034
注意力U-Net,test_95_D_r0c0,0.1405,9.92,9.99,2749,3.998,1.531
注意力U-Net,test_95_D_r0c1,0.0341,6.46,6.00,985,1.627,1.316
注意力U-Net,test_95_D_r1c0,0.0485,7.43,7.19,1255,1.128,1.338
注意力U-Net,test_95_D_r1c1,0.0171,5.70,6.00,583,0.994,1.249
注意力U-Net,test_96_D_r0c0,0.1004,6.93,6.00,2760,3.510,1.380
注意力U-Net,test_96_D_r0c1,0.1699,8.39,7.19,3983,5.240,1.503
注意力U-Net,test_96_D_r1c0,0.0685,5.38,4.39,2404,2.703,1.286
注意力U-Net,test_96_D_r1c1,0.1288,8.02,8.00,3017,3.728,1.435
注意力U-Net,test_97_D_r0c0,0.0881,8.86,8.79,1827,2.063,1.421
注意力U-Net,test_97_D_r0c1,0.1457,9.81,9.99,2661,2.931,1.467
注意力U-Net,test_97_D_r1c0,0.0574,6.03,5.60,1896,2.829,1.317
注意力U-Net,test_97_D_r1c1,0.1227,9.08,8.79,2549,2.560,1.484
注意力U-Net,test_98_D_r0c0,0.0790,6.61,6.00,2235,3.307,1.335
注意力U-Net,test_98_D_r0c1,0.1674,9.04,8.79,3547,4.399,1.500
注意力U-Net,test_98_D_r1c0,0.0823,7.27,7.19,2195,2.475,1.344
注意力U-Net,test_98_D_r1c1,0.1365,9.33,9.99,2731,4.067,1.445
注意力U-Net,test_99_D_r0c0,0.1476,8.16,8.00,3409,4.488,1.470
注意力U-Net,test_99_D_r0c1,0.1009,6.71,6.00,2926,4.242,1.397
注意力U-Net,test_99_D_r1c0,0.1179,7.60,7.19,2988,3.085,1.413
注意力U-Net,test_99_D_r1c1,0.0760,5.80,5.60,2541,2.844,1.311
注意力U-Net,test_9_A_r0c0,0.1651,8.05,8.00,3841,5.587,1.499
注意力U-Net,test_9_A_r0c1,0.0988,5.93,5.60,3109,4.228,1.350
注意力U-Net,test_9_A_r1c0,0.1516,7.99,8.00,3556,3.356,1.464
注意力U-Net,test_9_A_r1c1,0.1055,5.85,5.60,3478,4.788,1.376
